日付,機種,台番号,差枚,BONUS,BIG,REG,合成確率,累計ゲーム,本日途中
2026-07-12,L/ハナビ/KM,0113,657,23,17,6,1/143.8,3307,
2026-07-13,L/ハナビ/KM,0113,2662,48,24,24,1/116.5,5591,
2026-07-14,L/ハナビ/KM,0113,-679,8,3,5,1/207.4,1659,
2026-07-15,L/ハナビ/KM,0113,-571,18,11,7,1/188.8,3397,
2026-07-16,L/ハナビ/KM,0113,120,2,2,0,1/155.5,311,
2026-07-17,L/ハナビ/KM,0113,-190,7,4,3,1/158,1106,
2026-07-18,L/ハナビ/KM,0113,1453,30,16,14,1/119.5,3583,
2026-07-19,L/ハナビ/KM,0113,-867,10,5,5,1/226.4,2264,
2026-07-20,L/ハナビ/KM,0113,-178,7,2,5,1/152.3,1066,
2026-07-21,L/ハナビ/KM,0113,-586,0,0,0,,530,
2026-07-22,L/ハナビ/KM,0113,118,10,6,4,1/155.9,1559,
2026-07-23,L/ハナビ/KM,0113,1905,41,28,13,1/152,6232,
2026-07-24,L/ハナビ/KM,0113,-193,10,5,5,1/156.1,1561,
2026-07-25,L/ハナビ/KM,0113,-573,5,1,4,1/204,1020,
2026-07-26,L/ハナビ/KM,0113,103,14,8,6,1/141.8,1984,
2026-07-27,L/ハナビ/KM,0113,-336,3,3,0,1/343,1029,
2026-07-28,L/ハナビ/KM,0113,327,21,10,11,1/131.6,2763,
2026-07-29,L/ハナビ/KM,0113,-527,6,4,2,1/244.9,1469,
2026-07-30,L/ハナビ/KM,0113,-342,3,1,2,1/234,702,
2026-07-31,L/ハナビ/KM,0113,-1925,12,5,7,1/283.3,3399,
2026-08-01,L/ハナビ/KM,0113,-413,8,4,4,1/203.4,1627,
2026-08-02,L/ハナビ/KM,0113,427,33,22,11,1/168.3,5551,
2026-08-03,L/ハナビ/KM,0113,-624,3,1,2,1/298.7,896,
2026-08-04,L/ハナビ/KM,0113,-33,4,2,2,1/175.8,703,
2026-08-05,L/ハナビ/KM,0113,679,5,4,1,1/98.2,491,
2026-08-06,L/ハナビ/KM,0113,-186,3,2,1,1/232.7,698,
2026-08-07,L/ハナビ/KM,0113,-428,1,0,1,1/341,341,
2026-08-08,L/ハナビ/KM,0113,-6,3,3,0,1/208.7,626,
2026-08-09,L/ハナビ/KM,0113,-193,2,2,0,1/337,674,
2026-08-10,L/ハナビ/KM,0113,-246,32,14,18,1/153.1,4899,
2026-08-11,L/ハナビ/KM,0113,144,15,10,5,1/167.2,2507,
2026-08-12,L/ハナビ/KM,0113,-407,16,6,10,1/152.9,2446,
2026-08-13,L/ハナビ/KM,0113,20,16,10,6,1/164,2624,
2026-08-14,L/ハナビ/KM,0113,-1173,13,4,9,1/179.1,2328,
2026-08-15,L/ハナビ/KM,0113,468,6,4,2,1/122.5,735,
2026-08-16,L/ハナビ/KM,0113,-704,52,23,29,1/170.8,8880,
2026-08-17,L/ハナビ/KM,0113,-373,12,5,7,1/190.5,2286,
2026-08-18,L/ハナビ/KM,0113,499,10,4,6,1/104.5,1045,
2026-08-19,L/ハナビ/KM,0113,408,5,5,0,1/139.6,698,
2026-08-20,L/ハナビ/KM,0113,-230,2,1,1,1/223,446,
2026-08-21,L/ハナビ/KM,0113,-45,0,0,0,,27,
2026-08-22,L/ハナビ/KM,0113,197,8,5,3,1/159.9,1279,
2026-07-12,L/ハナビ/KM,0114,-337,5,2,3,1/169.2,846,
2026-07-13,L/ハナビ/KM,0114,280,21,9,12,1/128.8,2703,
2026-07-14,L/ハナビ/KM,0114,-161,3,2,1,1/249,747,
2026-07-15,L/ハナビ/KM,0114,54,4,3,1,1/165,660,
2026-07-16,L/ハナビ/KM,0114,-915,19,9,10,1/169.3,3216,
2026-07-17,L/ハナビ/KM,0114,-45,0,0,0,,34,
2026-07-18,L/ハナビ/KM,0114,136,3,3,0,1/184.7,554,
2026-07-19,L/ハナビ/KM,0114,-479,8,5,3,1/257.2,2057,
2026-07-20,L/ハナビ/KM,0114,-91,2,1,1,1/176,352,
2026-07-21,L/ハナビ/KM,0114,-293,0,0,0,,289,
2026-07-22,L/ハナビ/KM,0114,-279,0,0,0,,187,
2026-07-23,L/ハナビ/KM,0114,685,20,15,5,1/166.2,3324,
2026-07-24,L/ハナビ/KM,0114,54,1,1,0,1/176,176,
2026-07-25,L/ハナビ/KM,0114,1629,34,21,13,1/142.4,4840,
2026-07-26,L/ハナビ/KM,0114,2268,31,24,7,1/146.4,4538,
2026-07-27,L/ハナビ/KM,0114,-32,3,2,1,1/173.4,520,
2026-07-28,L/ハナビ/KM,0114,-100,0,0,0,,58,
2026-07-29,L/ハナビ/KM,0114,-406,6,2,4,1/167.4,1004,
2026-07-30,L/ハナビ/KM,0114,-46,0,0,0,,30,
2026-07-31,L/ハナビ/KM,0114,-92,11,9,2,1/219.2,2411,
2026-08-01,L/ハナビ/KM,0114,472,13,7,6,1/140.7,1829,
2026-08-02,L/ハナビ/KM,0114,-275,0,0,0,,238,
2026-08-03,L/ハナビ/KM,0114,2258,48,24,24,1/127.5,6120,
2026-08-04,L/ハナビ/KM,0114,-92,1,1,0,1/349,349,
2026-08-05,L/ハナビ/KM,0114,94,12,6,6,1/146,1752,
2026-08-06,L/ハナビ/KM,0114,111,8,4,4,1/142.5,1140,
2026-08-07,L/ハナビ/KM,0114,-94,1,1,0,1/259,259,
2026-08-08,L/ハナビ/KM,0114,-36,4,2,2,1/139.3,557,
2026-08-09,L/ハナビ/KM,0114,-490,0,0,0,,314,
2026-08-10,L/ハナビ/KM,0114,-381,5,2,3,1/193.8,969,
2026-08-11,L/ハナビ/KM,0114,221,5,3,2,1/150.6,753,
2026-08-12,L/ハナビ/KM,0114,-140,0,0,0,,60,
2026-08-13,L/ハナビ/KM,0114,-504,14,8,6,1/192,2687,
2026-08-14,L/ハナビ/KM,0114,-470,11,8,3,1/211.2,2323,
2026-08-15,L/ハナビ/KM,0114,-366,0,0,0,,352,
2026-08-16,L/ハナビ/KM,0114,128,3,1,2,1/107.4,322,
2026-08-17,L/ハナビ/KM,0114,-503,4,0,4,1/208,832,
2026-08-18,L/ハナビ/KM,0114,-148,0,0,0,,116,
2026-08-19,L/ハナビ/KM,0114,-819,9,3,6,1/202,1818,
2026-08-20,L/ハナビ/KM,0114,-231,0,0,0,,173,
2026-08-21,L/ハナビ/KM,0114,909,20,14,6,1/151.2,3023,
2026-08-22,L/ハナビ/KM,0114,-150,0,0,0,,99,
2026-07-12,L/ハナビ/KM,0115,1771,19,13,6,1/113.8,2161,
2026-07-13,L/ハナビ/KM,0115,-1278,6,2,4,1/339,2034,
2026-07-14,L/ハナビ/KM,0115,711,15,8,7,1/124,1859,
2026-07-15,L/ハナビ/KM,0115,-618,7,2,5,1/196.8,1377,
2026-07-16,L/ハナビ/KM,0115,-373,4,1,3,1/197.8,791,
2026-07-17,L/ハナビ/KM,0115,-75,11,4,7,1/138,1518,
2026-07-18,L/ハナビ/KM,0115,-267,12,6,6,1/178.2,2138,
2026-07-19,L/ハナビ/KM,0115,535,9,6,3,1/156.6,1409,
2026-07-20,L/ハナビ/KM,0115,119,34,19,15,1/157.9,5367,
2026-07-21,L/ハナビ/KM,0115,685,12,8,4,1/142.7,1712,
2026-07-22,L/ハナビ/KM,0115,119,33,18,15,1/150.5,4966,
2026-07-23,L/ハナビ/KM,0115,118,7,4,3,1/164.9,1154,
2026-07-24,L/ハナビ/KM,0115,-344,4,2,2,1/217.3,869,
2026-07-25,L/ハナビ/KM,0115,-274,2,1,1,1/291,582,
2026-07-26,L/ハナビ/KM,0115,-414,1,0,1,1/381,381,
2026-07-27,L/ハナビ/KM,0115,-97,3,2,1,1/221,663,
2026-07-28,L/ハナビ/KM,0115,222,3,3,0,1/168.4,505,
2026-07-29,L/ハナビ/KM,0115,-441,0,0,0,,358,
2026-07-30,L/ハナビ/KM,0115,-138,0,0,0,,152,
2026-07-31,L/ハナビ/KM,0115,-670,1,1,0,1/812,812,
2026-08-01,L/ハナビ/KM,0115,273,8,4,4,1/141.8,1134,
2026-08-02,L/ハナビ/KM,0115,-597,1,0,1,1/546,546,
2026-08-03,L/ハナビ/KM,0115,-689,12,6,6,1/209.8,2517,
2026-08-04,L/ハナビ/KM,0115,26,3,2,1,1/178.7,536,
2026-08-05,L/ハナビ/KM,0115,105,2,2,0,1/175,350,
2026-08-06,L/ハナビ/KM,0115,105,1,1,0,1/107,107,
2026-08-07,L/ハナビ/KM,0115,340,12,7,5,1/143.3,1719,
2026-08-08,L/ハナビ/KM,0115,-655,12,6,6,1/201.9,2422,
2026-08-09,L/ハナビ/KM,0115,-341,0,0,0,,340,
2026-08-10,L/ハナビ/KM,0115,-688,19,7,12,1/174.8,3321,
2026-08-11,L/ハナビ/KM,0115,564,18,11,7,1/145.1,2611,
2026-08-12,L/ハナビ/KM,0115,-140,0,0,0,,110,
2026-08-13,L/ハナビ/KM,0115,258,39,19,20,1/163,6355,
2026-08-14,L/ハナビ/KM,0115,224,28,22,6,1/186.4,5218,
2026-08-15,L/ハナビ/KM,0115,-267,1,1,0,1/527,527,
2026-08-16,L/ハナビ/KM,0115,-316,9,3,6,1/146.2,1315,
2026-08-17,L/ハナビ/KM,0115,12,9,4,5,1/158.5,1426,
2026-08-18,L/ハナビ/KM,0115,-137,2,1,1,1/217,434,
2026-08-19,L/ハナビ/KM,0115,-372,1,1,0,1/581,581,
2026-08-20,L/ハナビ/KM,0115,-295,0,0,0,,238,
2026-08-21,L/ハナビ/KM,0115,-164,0,0,0,,179,
2026-08-22,L/ハナビ/KM,0115,9,7,4,3,1/162.2,1135,
2026-07-12,Sゴーゴージャグラー3KA,0152,-231,50,18,32,1/119.5,5973,
2026-07-13,Sゴーゴージャグラー3KA,0152,-39,27,14,13,1/136.3,3679,
2026-07-14,Sゴーゴージャグラー3KA,0152,-489,19,6,13,1/129.9,2467,
2026-07-15,Sゴーゴージャグラー3KA,0152,-563,7,4,3,1/219.5,1536,
2026-07-16,Sゴーゴージャグラー3KA,0152,-237,4,4,0,1/227,908,
2026-07-17,Sゴーゴージャグラー3KA,0152,-953,11,7,4,1/214,2354,
2026-07-18,Sゴーゴージャグラー3KA,0152,676,27,17,10,1/129,3482,
2026-07-19,Sゴーゴージャグラー3KA,0152,-392,8,6,2,1/220.2,1761,
2026-07-20,Sゴーゴージャグラー3KA,0152,-958,2,2,0,1/542,1084,
2026-07-21,Sゴーゴージャグラー3KA,0152,-74,24,14,10,1/145,3479,
2026-07-22,Sゴーゴージャグラー3KA,0152,-142,4,3,1,1/205,820,
2026-07-23,Sゴーゴージャグラー3KA,0152,-268,30,18,12,1/150.2,4506,
2026-07-24,Sゴーゴージャグラー3KA,0152,1638,32,22,10,1/108.3,3463,
2026-07-25,Sゴーゴージャグラー3KA,0152,-743,16,11,5,1/199.9,3198,
2026-07-26,Sゴーゴージャグラー3KA,0152,513,30,15,15,1/123.4,3701,
2026-07-27,Sゴーゴージャグラー3KA,0152,89,20,12,8,1/141.7,2834,
2026-07-28,Sゴーゴージャグラー3KA,0152,-2182,13,7,6,1/260.6,3387,
2026-07-29,Sゴーゴージャグラー3KA,0152,-726,24,12,12,1/161.3,3870,
2026-07-30,Sゴーゴージャグラー3KA,0152,-413,2,0,2,1/272.5,545,
2026-07-31,Sゴーゴージャグラー3KA,0152,-288,3,2,1,1/206,618,
2026-08-01,Sゴーゴージャグラー3KA,0152,-587,13,8,5,1/195.2,2537,
2026-08-02,Sゴーゴージャグラー3KA,0152,-296,11,8,3,1/179.3,1972,
2026-08-03,Sゴーゴージャグラー3KA,0152,1346,59,28,31,1/120.1,7082,
2026-08-04,Sゴーゴージャグラー3KA,0152,614,25,15,10,1/126.5,3162,
2026-08-05,Sゴーゴージャグラー3KA,0152,-847,8,5,3,1/220.7,1765,
2026-08-06,Sゴーゴージャグラー3KA,0152,-620,8,4,4,1/201.9,1615,
2026-08-07,Sゴーゴージャグラー3KA,0152,1221,34,15,19,1/101.3,3441,
2026-08-08,Sゴーゴージャグラー3KA,0152,-322,33,14,19,1/137.4,4532,
2026-08-09,Sゴーゴージャグラー3KA,0152,52,49,18,31,1/128.5,6296,
2026-08-10,Sゴーゴージャグラー3KA,0152,3903,82,47,35,1/107.9,8846,
2026-08-11,Sゴーゴージャグラー3KA,0152,411,11,8,3,1/137.4,1511,
2026-08-12,Sゴーゴージャグラー3KA,0152,-1268,6,4,2,1/305.2,1831,
2026-08-13,Sゴーゴージャグラー3KA,0152,-93,17,10,7,1/148.3,2521,
2026-08-14,Sゴーゴージャグラー3KA,0152,-674,21,13,8,1/174,3653,
2026-08-15,Sゴーゴージャグラー3KA,0152,395,30,21,9,1/139.8,4193,
2026-08-16,Sゴーゴージャグラー3KA,0152,-945,9,5,4,1/222.8,2005,
2026-08-17,Sゴーゴージャグラー3KA,0152,204,22,15,7,1/147.8,3250,
2026-08-18,Sゴーゴージャグラー3KA,0152,-730,6,3,3,1/234.5,1407,
2026-08-19,Sゴーゴージャグラー3KA,0152,-378,7,4,3,1/189.9,1329,
2026-08-20,Sゴーゴージャグラー3KA,0152,450,10,7,3,1/131.7,1317,
2026-08-21,Sゴーゴージャグラー3KA,0152,-275,9,5,4,1/160.7,1446,
2026-08-22,Sゴーゴージャグラー3KA,0152,835,32,17,15,1/115.1,3681,
2026-07-12,Sゴーゴージャグラー3KA,0153,223,30,18,12,1/140.9,4226,
2026-07-13,Sゴーゴージャグラー3KA,0153,-914,3,2,1,1/406,1218,
2026-07-14,Sゴーゴージャグラー3KA,0153,1291,29,19,10,1/120.2,3484,
2026-07-15,Sゴーゴージャグラー3KA,0153,-142,21,14,7,1/162,3400,
2026-07-16,Sゴーゴージャグラー3KA,0153,-447,6,3,3,1/190.5,1143,
2026-07-17,Sゴーゴージャグラー3KA,0153,74,2,2,0,1/141.5,283,
2026-07-18,Sゴーゴージャグラー3KA,0153,770,29,16,13,1/123.6,3582,
2026-07-19,Sゴーゴージャグラー3KA,0153,-236,19,11,8,1/154.4,2932,
2026-07-20,Sゴーゴージャグラー3KA,0153,-128,11,7,4,1/156.2,1718,
2026-07-21,Sゴーゴージャグラー3KA,0153,-649,4,2,2,1/252.8,1011,
2026-07-22,Sゴーゴージャグラー3KA,0153,1283,34,18,16,1/103.7,3525,
2026-07-23,Sゴーゴージャグラー3KA,0153,-1752,16,5,11,1/205,3279,
2026-07-24,Sゴーゴージャグラー3KA,0153,-492,5,2,3,1/187.6,938,
2026-07-25,Sゴーゴージャグラー3KA,0153,-946,6,4,2,1/276.4,1658,
2026-07-26,Sゴーゴージャグラー3KA,0153,-470,49,22,27,1/137.8,6749,
2026-07-27,Sゴーゴージャグラー3KA,0153,-287,9,4,5,1/162.6,1463,
2026-07-28,Sゴーゴージャグラー3KA,0153,-401,16,11,5,1/166.3,2660,
2026-07-29,Sゴーゴージャグラー3KA,0153,-362,12,6,6,1/157.7,1892,
2026-07-30,Sゴーゴージャグラー3KA,0153,-14,36,13,23,1/126.5,4554,
2026-07-31,Sゴーゴージャグラー3KA,0153,1839,48,26,22,1/113.4,5442,
2026-08-01,Sゴーゴージャグラー3KA,0153,-362,10,4,6,1/167,1670,
2026-08-02,Sゴーゴージャグラー3KA,0153,-613,15,8,7,1/166.8,2501,
2026-08-03,Sゴーゴージャグラー3KA,0153,-338,32,15,17,1/136.2,4357,
2026-08-04,Sゴーゴージャグラー3KA,0153,239,23,15,8,1/137.9,3171,
2026-08-05,Sゴーゴージャグラー3KA,0153,-100,14,9,5,1/149.1,2087,
2026-08-06,Sゴーゴージャグラー3KA,0153,943,29,14,15,1/114.6,3323,
2026-08-07,Sゴーゴージャグラー3KA,0153,-296,6,3,3,1/188.4,1130,
2026-08-08,Sゴーゴージャグラー3KA,0153,356,50,25,25,1/128.2,6406,
2026-08-09,Sゴーゴージャグラー3KA,0153,1748,50,32,18,1/126.7,6334,
2026-08-10,Sゴーゴージャグラー3KA,0153,-584,6,2,4,1/183.4,1100,
2026-08-11,Sゴーゴージャグラー3KA,0153,-123,17,8,9,1/126.1,2143,
2026-08-12,Sゴーゴージャグラー3KA,0153,-58,29,14,15,1/137.7,3992,
2026-08-13,Sゴーゴージャグラー3KA,0153,-654,9,5,4,1/215.9,1943,
2026-08-14,Sゴーゴージャグラー3KA,0153,354,30,17,13,1/136.3,4088,
2026-08-15,Sゴーゴージャグラー3KA,0153,-114,13,9,4,1/169,2197,
2026-08-16,Sゴーゴージャグラー3KA,0153,148,9,7,2,1/142.8,1285,
2026-08-17,Sゴーゴージャグラー3KA,0153,149,6,5,1,1/169.2,1015,
2026-08-18,Sゴーゴージャグラー3KA,0153,-384,22,11,11,1/141.8,3118,
2026-08-19,Sゴーゴージャグラー3KA,0153,-545,20,9,11,1/146.5,2930,
2026-08-20,Sゴーゴージャグラー3KA,0153,3,14,8,6,1/154.4,2161,
2026-08-21,Sゴーゴージャグラー3KA,0153,-604,8,4,4,1/177.3,1418,
2026-08-22,Sゴーゴージャグラー3KA,0153,797,26,14,12,1/112.5,2924,
2026-07-12,SジャグラーガールズSS-KH,0141,-501,0,0,0,,330,
2026-07-13,SジャグラーガールズSS-KH,0141,-1196,4,1,3,1/342.8,1371,
2026-07-14,SジャグラーガールズSS-KH,0141,-512,36,16,20,1/141.7,5099,
2026-07-15,SジャグラーガールズSS-KH,0141,-323,10,5,5,1/162.5,1625,
2026-07-16,SジャグラーガールズSS-KH,0141,1370,29,18,11,1/113.3,3284,
2026-07-17,SジャグラーガールズSS-KH,0141,-460,1,0,1,1/501,501,
2026-07-18,SジャグラーガールズSS-KH,0141,-204,1,1,0,1/325,325,
2026-07-19,SジャグラーガールズSS-KH,0141,145,12,4,8,1/129.6,1555,
2026-07-20,SジャグラーガールズSS-KH,0141,-589,16,6,10,1/144.2,2306,
2026-07-21,SジャグラーガールズSS-KH,0141,949,15,10,5,1/108.8,1632,
2026-07-22,SジャグラーガールズSS-KH,0141,-173,15,6,9,1/132.6,1989,
2026-07-23,SジャグラーガールズSS-KH,0141,-652,12,5,7,1/174,2087,
2026-07-24,SジャグラーガールズSS-KH,0141,-1228,10,2,8,1/196.5,1965,
2026-07-25,SジャグラーガールズSS-KH,0141,-1281,13,5,8,1/217,2820,
2026-07-26,SジャグラーガールズSS-KH,0141,50,5,3,2,1/126,630,
2026-07-27,SジャグラーガールズSS-KH,0141,740,14,9,5,1/122.8,1718,
2026-07-28,SジャグラーガールズSS-KH,0141,296,16,10,6,1/134,2143,
2026-07-29,SジャグラーガールズSS-KH,0141,-235,18,5,13,1/125,2250,
2026-07-30,SジャグラーガールズSS-KH,0141,-394,1,0,1,1/419,419,
2026-07-31,SジャグラーガールズSS-KH,0141,-502,2,1,1,1/387,774,
2026-08-01,SジャグラーガールズSS-KH,0141,230,59,28,31,1/127.9,7543,
2026-08-02,SジャグラーガールズSS-KH,0141,1558,42,20,22,1/107.8,4527,
2026-08-03,SジャグラーガールズSS-KH,0141,131,27,15,12,1/139.3,3760,
2026-08-04,SジャグラーガールズSS-KH,0141,-57,12,7,5,1/151,1812,
2026-08-05,SジャグラーガールズSS-KH,0141,-276,3,3,0,1/257.7,773,
2026-08-06,SジャグラーガールズSS-KH,0141,-531,14,6,8,1/158.8,2222,
2026-08-07,SジャグラーガールズSS-KH,0141,-248,6,5,1,1/212.5,1275,
2026-08-08,SジャグラーガールズSS-KH,0141,-566,11,6,5,1/189.2,2081,
2026-08-09,SジャグラーガールズSS-KH,0141,-408,10,5,5,1/167.7,1677,
2026-08-10,SジャグラーガールズSS-KH,0141,-229,4,3,1,1/235,940,
2026-08-11,SジャグラーガールズSS-KH,0141,1021,42,25,17,1/134.8,5658,
2026-08-12,SジャグラーガールズSS-KH,0141,2048,57,33,24,1/122,6951,
2026-08-13,SジャグラーガールズSS-KH,0141,-240,14,10,4,1/187.4,2623,
2026-08-14,SジャグラーガールズSS-KH,0141,-429,11,6,5,1/176,1936,
2026-08-15,SジャグラーガールズSS-KH,0141,-775,10,6,4,1/228.7,2287,
2026-08-16,SジャグラーガールズSS-KH,0141,-774,32,15,17,1/152,4861,
2026-08-17,SジャグラーガールズSS-KH,0141,-501,6,3,3,1/189.7,1138,
2026-08-18,SジャグラーガールズSS-KH,0141,-334,11,7,4,1/199.4,2193,
2026-08-19,SジャグラーガールズSS-KH,0141,-59,22,13,9,1/145.2,3194,
2026-08-20,SジャグラーガールズSS-KH,0141,216,11,5,6,1/121,1330,
2026-08-21,SジャグラーガールズSS-KH,0141,-716,2,0,2,1/347.5,695,
2026-08-22,SジャグラーガールズSS-KH,0141,-354,13,6,7,1/160.1,2081,
2026-07-12,SジャグラーガールズSS-KH,0142,462,47,26,21,1/133.7,6282,
2026-07-13,SジャグラーガールズSS-KH,0142,-919,35,16,19,1/154.2,5395,
2026-07-14,SジャグラーガールズSS-KH,0142,48,2,2,0,1/181,362,
2026-07-15,SジャグラーガールズSS-KH,0142,-584,5,3,2,1/239.8,1199,
2026-07-16,SジャグラーガールズSS-KH,0142,-129,14,7,7,1/142.5,1994,
2026-07-17,SジャグラーガールズSS-KH,0142,173,8,7,1,1/151.3,1210,
2026-07-18,SジャグラーガールズSS-KH,0142,-632,24,11,13,1/142.5,3419,
2026-07-19,SジャグラーガールズSS-KH,0142,168,31,16,15,1/132.4,4102,
2026-07-20,SジャグラーガールズSS-KH,0142,342,24,11,13,1/112.7,2703,
2026-07-21,SジャグラーガールズSS-KH,0142,-230,1,0,1,1/294,294,
2026-07-22,SジャグラーガールズSS-KH,0142,462,6,3,3,1/226,1356,
2026-07-23,SジャグラーガールズSS-KH,0142,-1392,13,6,7,1/216.8,2818,
2026-07-24,SジャグラーガールズSS-KH,0142,720,14,8,6,1/114.8,1607,
2026-07-25,SジャグラーガールズSS-KH,0142,-847,0,0,0,,794,
2026-07-26,SジャグラーガールズSS-KH,0142,888,23,14,9,1/114.2,2625,
2026-07-27,SジャグラーガールズSS-KH,0142,155,24,14,10,1/141.6,3398,
2026-07-28,SジャグラーガールズSS-KH,0142,-551,15,8,7,1/161.8,2426,
2026-07-29,SジャグラーガールズSS-KH,0142,-145,4,3,1,1/202.3,809,
2026-07-30,SジャグラーガールズSS-KH,0142,108,13,5,8,1/124.4,1617,
2026-07-31,SジャグラーガールズSS-KH,0142,-1,38,16,22,1/131,4978,
2026-08-01,SジャグラーガールズSS-KH,0142,-326,4,2,2,1/217.5,870,
2026-08-02,SジャグラーガールズSS-KH,0142,-378,7,3,4,1/142.9,1000,
2026-08-03,SジャグラーガールズSS-KH,0142,-1522,13,6,7,1/215.4,2799,
2026-08-04,SジャグラーガールズSS-KH,0142,134,20,13,7,1/149.7,2993,
2026-08-05,SジャグラーガールズSS-KH,0142,138,10,7,3,1/167.4,1674,
2026-08-06,SジャグラーガールズSS-KH,0142,1063,52,30,22,1/129.4,6725,
2026-08-07,SジャグラーガールズSS-KH,0142,9,14,6,8,1/125.7,1759,
2026-08-08,SジャグラーガールズSS-KH,0142,-261,28,16,12,1/159.2,4457,
2026-08-09,SジャグラーガールズSS-KH,0142,-308,13,8,5,1/157.3,2044,
2026-08-10,SジャグラーガールズSS-KH,0142,282,54,22,32,1/128,6909,
2026-08-11,SジャグラーガールズSS-KH,0142,-218,18,9,9,1/150.5,2708,
2026-08-12,SジャグラーガールズSS-KH,0142,-109,2,2,0,1/232,464,
2026-08-13,SジャグラーガールズSS-KH,0142,1045,25,17,8,1/123.6,3090,
2026-08-14,SジャグラーガールズSS-KH,0142,258,27,14,13,1/135.7,3662,
2026-08-15,SジャグラーガールズSS-KH,0142,-787,18,9,9,1/172.7,3108,
2026-08-16,SジャグラーガールズSS-KH,0142,-70,24,13,11,1/152.6,3661,
2026-08-17,SジャグラーガールズSS-KH,0142,-966,19,8,11,1/164.2,3119,
2026-08-18,SジャグラーガールズSS-KH,0142,940,26,14,12,1/121,3145,
2026-08-19,SジャグラーガールズSS-KH,0142,470,24,17,7,1/153.8,3690,
2026-08-20,SジャグラーガールズSS-KH,0142,92,8,3,5,1/121.5,972,
2026-08-21,SジャグラーガールズSS-KH,0142,507,28,16,12,1/132.9,3721,
2026-08-22,SジャグラーガールズSS-KH,0142,-1558,18,6,12,1/196.3,3532,
2026-07-12,SネオアイムジャグラーEX-KK,0129,-562,14,9,5,1/198.7,2781,
2026-07-13,SネオアイムジャグラーEX-KK,0129,-796,14,6,8,1/175.9,2462,
2026-07-14,SネオアイムジャグラーEX-KK,0129,559,36,23,13,1/144.4,5198,
2026-07-15,SネオアイムジャグラーEX-KK,0129,364,19,13,6,1/159.9,3038,
2026-07-16,SネオアイムジャグラーEX-KK,0129,-266,22,11,11,1/147,3233,
2026-07-17,SネオアイムジャグラーEX-KK,0129,-385,6,5,1,1/242.7,1456,
2026-07-18,SネオアイムジャグラーEX-KK,0129,-26,25,15,10,1/154,3850,
2026-07-19,SネオアイムジャグラーEX-KK,0129,165,18,13,5,1/156.5,2817,
2026-07-20,SネオアイムジャグラーEX-KK,0129,-760,15,6,9,1/163.6,2454,
2026-07-21,SネオアイムジャグラーEX-KK,0129,-362,29,13,16,1/150.7,4370,
2026-07-22,SネオアイムジャグラーEX-KK,0129,51,15,12,3,1/181.6,2724,
2026-07-23,SネオアイムジャグラーEX-KK,0129,180,36,14,22,1/120.7,4343,
2026-07-24,SネオアイムジャグラーEX-KK,0129,-117,8,6,2,1/189.5,1516,
2026-07-25,SネオアイムジャグラーEX-KK,0129,1186,62,27,35,1/117,7251,
2026-07-26,SネオアイムジャグラーEX-KK,0129,2640,62,27,35,1/98.3,6091,
2026-07-27,SネオアイムジャグラーEX-KK,0129,462,22,16,6,1/154.2,3391,
2026-07-28,SネオアイムジャグラーEX-KK,0129,-525,10,7,3,1/223.5,2235,
2026-07-29,SネオアイムジャグラーEX-KK,0129,-542,4,3,1,1/260.3,1041,
2026-07-30,SネオアイムジャグラーEX-KK,0129,214,5,5,0,1/182.2,911,
2026-07-31,SネオアイムジャグラーEX-KK,0129,3335,79,37,42,1/105.1,8298,
2026-08-01,SネオアイムジャグラーEX-KK,0129,328,25,17,8,1/154.6,3864,
2026-08-02,SネオアイムジャグラーEX-KK,0129,-172,21,14,7,1/163.6,3435,
2026-08-03,SネオアイムジャグラーEX-KK,0129,22,42,27,15,1/153.8,6459,
2026-08-04,SネオアイムジャグラーEX-KK,0129,1808,61,32,29,1/113.7,6933,
2026-08-05,SネオアイムジャグラーEX-KK,0129,-439,9,6,3,1/211,1899,
2026-08-06,SネオアイムジャグラーEX-KK,0129,-504,16,13,3,1/210.7,3370,
2026-08-07,SネオアイムジャグラーEX-KK,0129,-1043,15,6,9,1/174.9,2623,
2026-08-08,SネオアイムジャグラーEX-KK,0129,340,28,15,13,1/131.3,3674,
2026-08-09,SネオアイムジャグラーEX-KK,0129,406,24,17,7,1/152.3,3653,
2026-08-10,SネオアイムジャグラーEX-KK,0129,-982,6,4,2,1/286.9,1721,
2026-08-11,SネオアイムジャグラーEX-KK,0129,679,51,24,27,1/126.8,6464,
2026-08-12,SネオアイムジャグラーEX-KK,0129,-1722,10,5,5,1/275.2,2752,
2026-08-13,SネオアイムジャグラーEX-KK,0129,5652,85,49,36,1/102.6,8720,
2026-08-14,SネオアイムジャグラーEX-KK,0129,-172,20,12,8,1/156.6,3132,
2026-08-15,SネオアイムジャグラーEX-KK,0129,-901,11,6,5,1/203.1,2234,
2026-08-16,SネオアイムジャグラーEX-KK,0129,-650,17,10,7,1/168.3,2861,
2026-08-17,SネオアイムジャグラーEX-KK,0129,395,29,18,11,1/137.2,3976,
2026-08-18,SネオアイムジャグラーEX-KK,0129,-747,36,18,18,1/158.2,5692,
2026-08-19,SネオアイムジャグラーEX-KK,0129,765,18,14,4,1/140.7,2532,
2026-08-20,SネオアイムジャグラーEX-KK,0129,67,24,12,12,1/131.2,3148,
2026-08-21,SネオアイムジャグラーEX-KK,0129,-215,18,10,8,1/152.9,2751,
2026-08-22,SネオアイムジャグラーEX-KK,0129,-822,31,14,17,1/155.8,4829,
2026-07-12,SネオアイムジャグラーEX-KK,0130,2253,36,24,12,1/120.7,4342,
2026-07-13,SネオアイムジャグラーEX-KK,0130,-882,12,4,8,1/174.7,2096,
2026-07-14,SネオアイムジャグラーEX-KK,0130,801,26,11,15,1/105.3,2737,
2026-07-15,SネオアイムジャグラーEX-KK,0130,41,23,12,11,1/141.4,3252,
2026-07-16,SネオアイムジャグラーEX-KK,0130,1209,37,22,15,1/125.6,4645,
2026-07-17,SネオアイムジャグラーEX-KK,0130,2053,35,23,12,1/110.5,3867,
2026-07-18,SネオアイムジャグラーEX-KK,0130,-1113,8,3,5,1/224,1792,
2026-07-19,SネオアイムジャグラーEX-KK,0130,-688,4,2,2,1/298,1192,
2026-07-20,SネオアイムジャグラーEX-KK,0130,1499,45,23,22,1/118.2,5319,
2026-07-21,SネオアイムジャグラーEX-KK,0130,-532,3,3,0,1/376.7,1130,
2026-07-22,SネオアイムジャグラーEX-KK,0130,-745,42,20,22,1/152.9,6418,
2026-07-23,SネオアイムジャグラーEX-KK,0130,966,19,15,4,1/136.5,2593,
2026-07-24,SネオアイムジャグラーEX-KK,0130,1155,35,22,13,1/126.7,4433,
2026-07-25,SネオアイムジャグラーEX-KK,0130,-534,12,6,6,1/177,2123,
2026-07-26,SネオアイムジャグラーEX-KK,0130,-546,9,4,5,1/198.8,1789,
2026-07-27,SネオアイムジャグラーEX-KK,0130,-161,10,5,5,1/158.1,1581,
2026-07-28,SネオアイムジャグラーEX-KK,0130,-604,13,6,7,1/170.1,2211,
2026-07-29,SネオアイムジャグラーEX-KK,0130,-660,32,18,14,1/174.5,5581,
2026-07-30,SネオアイムジャグラーEX-KK,0130,986,13,7,6,1/84.6,1099,
2026-07-31,SネオアイムジャグラーEX-KK,0130,339,19,10,9,1/132.6,2519,
2026-08-01,SネオアイムジャグラーEX-KK,0130,-208,15,9,6,1/154.4,2315,
2026-08-02,SネオアイムジャグラーEX-KK,0130,-326,18,9,9,1/153.2,2757,
2026-08-03,SネオアイムジャグラーEX-KK,0130,798,51,28,23,1/130.3,6645,
2026-08-04,SネオアイムジャグラーEX-KK,0130,190,24,18,6,1/166.8,4002,
2026-08-05,SネオアイムジャグラーEX-KK,0130,336,9,6,3,1/136.9,1232,
2026-08-06,SネオアイムジャグラーEX-KK,0130,1948,25,20,5,1/117.5,2936,
2026-08-07,SネオアイムジャグラーEX-KK,0130,-672,6,3,3,1/214,1284,
2026-08-08,SネオアイムジャグラーEX-KK,0130,-559,16,8,8,1/180.7,2891,
2026-08-09,SネオアイムジャグラーEX-KK,0130,146,23,12,11,1/147.1,3383,
2026-08-10,SネオアイムジャグラーEX-KK,0130,-162,29,20,9,1/172.9,5012,
2026-08-11,SネオアイムジャグラーEX-KK,0130,-778,7,3,4,1/205.9,1441,
2026-08-12,SネオアイムジャグラーEX-KK,0130,-843,9,5,4,1/232.6,2093,
2026-08-13,SネオアイムジャグラーEX-KK,0130,198,9,7,2,1/142.5,1282,
2026-08-14,SネオアイムジャグラーEX-KK,0130,-473,30,16,14,1/166.8,5002,
2026-08-15,SネオアイムジャグラーEX-KK,0130,1801,59,25,34,1/110.5,6517,
2026-08-16,SネオアイムジャグラーEX-KK,0130,-592,18,12,6,1/185.5,3339,
2026-08-17,SネオアイムジャグラーEX-KK,0130,232,18,9,9,1/126.1,2269,
2026-08-18,SネオアイムジャグラーEX-KK,0130,-328,16,8,8,1/168.7,2699,
2026-08-19,SネオアイムジャグラーEX-KK,0130,-177,33,16,17,1/142.4,4699,
2026-08-20,SネオアイムジャグラーEX-KK,0130,241,27,14,13,1/134.7,3636,
2026-08-21,SネオアイムジャグラーEX-KK,0130,-20,9,7,2,1/161.8,1456,
2026-08-22,SネオアイムジャグラーEX-KK,0130,720,29,15,14,1/121.4,3520,
2026-07-12,SネオアイムジャグラーEX-KK,0131,777,37,23,14,1/143.6,5312,
2026-07-13,SネオアイムジャグラーEX-KK,0131,-264,0,0,0,,227,
2026-07-14,SネオアイムジャグラーEX-KK,0131,592,12,8,4,1/123,1476,
2026-07-15,SネオアイムジャグラーEX-KK,0131,-725,14,5,9,1/163.3,2285,
2026-07-16,SネオアイムジャグラーEX-KK,0131,-686,1,0,1,1/721,721,
2026-07-17,SネオアイムジャグラーEX-KK,0131,-407,4,3,1,1/267.5,1070,
2026-07-18,SネオアイムジャグラーEX-KK,0131,-1340,1,1,0,1/1109,1109,
2026-07-19,SネオアイムジャグラーEX-KK,0131,-767,6,2,4,1/227,1362,
2026-07-20,SネオアイムジャグラーEX-KK,0131,-506,11,5,6,1/181.9,2000,
2026-07-21,SネオアイムジャグラーEX-KK,0131,-672,5,2,3,1/240,1200,
2026-07-22,SネオアイムジャグラーEX-KK,0131,-825,12,7,5,1/198.1,2377,
2026-07-23,SネオアイムジャグラーEX-KK,0131,299,24,15,9,1/151.2,3627,
2026-07-24,SネオアイムジャグラーEX-KK,0131,-130,2,2,0,1/283,566,
2026-07-25,SネオアイムジャグラーEX-KK,0131,201,14,7,7,1/140.7,1969,
2026-07-26,SネオアイムジャグラーEX-KK,0131,106,10,8,2,1/162.1,1621,
2026-07-27,SネオアイムジャグラーEX-KK,0131,-1193,18,9,9,1/184.7,3324,
2026-07-28,SネオアイムジャグラーEX-KK,0131,3091,62,29,33,1/94.3,5845,
2026-07-29,SネオアイムジャグラーEX-KK,0131,-77,12,8,4,1/181,2172,
2026-07-30,SネオアイムジャグラーEX-KK,0131,-820,9,4,5,1/231,2079,
2026-07-31,SネオアイムジャグラーEX-KK,0131,-40,13,6,7,1/146.9,1909,
2026-08-01,SネオアイムジャグラーEX-KK,0131,-341,15,9,6,1/177.6,2663,
2026-08-02,SネオアイムジャグラーEX-KK,0131,-187,14,7,7,1/151.6,2122,
2026-08-03,SネオアイムジャグラーEX-KK,0131,1087,44,21,23,1/117.4,5165,
2026-08-04,SネオアイムジャグラーEX-KK,0131,67,23,15,8,1/161.6,3715,
2026-08-05,SネオアイムジャグラーEX-KK,0131,1053,31,19,12,1/119,3689,
2026-08-06,SネオアイムジャグラーEX-KK,0131,-1153,31,9,22,1/142.2,4407,
2026-08-07,SネオアイムジャグラーEX-KK,0131,-659,20,10,10,1/167.4,3348,
2026-08-08,SネオアイムジャグラーEX-KK,0131,-386,16,8,8,1/141.1,2257,
2026-08-09,SネオアイムジャグラーEX-KK,0131,750,48,29,19,1/146.7,7037,
2026-08-10,SネオアイムジャグラーEX-KK,0131,-1310,6,5,1,1/377,2262,
2026-08-11,SネオアイムジャグラーEX-KK,0131,-201,20,11,9,1/156.7,3133,
2026-08-12,SネオアイムジャグラーEX-KK,0131,-1003,7,3,4,1/267.2,1870,
2026-08-13,SネオアイムジャグラーEX-KK,0131,-185,29,15,14,1/138.9,4027,
2026-08-14,SネオアイムジャグラーEX-KK,0131,-270,22,16,6,1/170.1,3742,
2026-08-15,SネオアイムジャグラーEX-KK,0131,1259,46,21,25,1/115,5289,
2026-08-16,SネオアイムジャグラーEX-KK,0131,578,37,17,20,1/130.9,4840,
2026-08-17,SネオアイムジャグラーEX-KK,0131,-612,12,4,8,1/158.8,1905,
2026-08-18,SネオアイムジャグラーEX-KK,0131,-217,20,10,10,1/157,3140,
2026-08-19,SネオアイムジャグラーEX-KK,0131,495,14,8,6,1/138.4,1937,
2026-08-20,SネオアイムジャグラーEX-KK,0131,-380,1,0,1,1/368,368,
2026-08-21,SネオアイムジャグラーEX-KK,0131,123,15,9,6,1/144.2,2162,
2026-08-22,SネオアイムジャグラーEX-KK,0131,1842,51,34,17,1/138.3,7050,
2026-07-12,SネオアイムジャグラーEX-KK,0132,-1029,14,5,9,1/184.4,2581,
2026-07-13,SネオアイムジャグラーEX-KK,0132,35,28,13,15,1/137.6,3852,
2026-07-14,SネオアイムジャグラーEX-KK,0132,665,23,12,11,1/118.3,2719,
2026-07-15,SネオアイムジャグラーEX-KK,0132,741,27,14,13,1/121.9,3290,
2026-07-16,SネオアイムジャグラーEX-KK,0132,1250,38,20,18,1/126.5,4804,
2026-07-17,SネオアイムジャグラーEX-KK,0132,-1253,7,2,5,1/248,1736,
2026-07-18,SネオアイムジャグラーEX-KK,0132,-347,11,6,5,1/168,1847,
2026-07-19,SネオアイムジャグラーEX-KK,0132,1831,34,23,11,1/128.6,4371,
2026-07-20,SネオアイムジャグラーEX-KK,0132,1862,32,22,10,1/116.9,3739,
2026-07-21,SネオアイムジャグラーEX-KK,0132,254,16,11,5,1/159.1,2545,
2026-07-22,SネオアイムジャグラーEX-KK,0132,-593,1,1,0,1/608,608,
2026-07-23,SネオアイムジャグラーEX-KK,0132,132,13,9,4,1/152.9,1987,
2026-07-24,SネオアイムジャグラーEX-KK,0132,-674,7,5,2,1/246.9,1728,
2026-07-25,SネオアイムジャグラーEX-KK,0132,-658,7,3,4,1/211.3,1479,
2026-07-26,SネオアイムジャグラーEX-KK,0132,231,12,9,3,1/167.2,2006,
2026-07-27,SネオアイムジャグラーEX-KK,0132,51,3,3,0,1/217.4,652,
2026-07-28,SネオアイムジャグラーEX-KK,0132,13,12,6,6,1/134.2,1610,
2026-07-29,SネオアイムジャグラーEX-KK,0132,-694,2,2,0,1/535.5,1071,
2026-07-30,SネオアイムジャグラーEX-KK,0132,595,23,11,12,1/115.4,2653,
2026-07-31,SネオアイムジャグラーEX-KK,0132,-123,11,8,3,1/175.8,1933,
2026-08-01,SネオアイムジャグラーEX-KK,0132,-130,25,15,10,1/161.2,4030,
2026-08-02,SネオアイムジャグラーEX-KK,0132,-245,15,9,6,1/153,2294,
2026-08-03,SネオアイムジャグラーEX-KK,0132,1020,51,24,27,1/126.3,6441,
2026-08-04,SネオアイムジャグラーEX-KK,0132,924,33,22,11,1/143.5,4734,
2026-08-05,SネオアイムジャグラーEX-KK,0132,-1194,5,1,4,1/311.2,1556,
2026-08-06,SネオアイムジャグラーEX-KK,0132,904,27,17,10,1/134,3618,
2026-08-07,SネオアイムジャグラーEX-KK,0132,-478,5,3,2,1/236.6,1183,
2026-08-08,SネオアイムジャグラーEX-KK,0132,-866,22,9,13,1/161.8,3558,
2026-08-09,SネオアイムジャグラーEX-KK,0132,3464,56,28,28,1/98.8,5531,
2026-08-10,SネオアイムジャグラーEX-KK,0132,-598,3,2,1,1/337.7,1013,
2026-08-11,SネオアイムジャグラーEX-KK,0132,1580,36,21,15,1/106,3816,
2026-08-12,SネオアイムジャグラーEX-KK,0132,-850,11,5,6,1/180.9,1989,
2026-08-13,SネオアイムジャグラーEX-KK,0132,265,20,16,4,1/164.7,3293,
2026-08-14,SネオアイムジャグラーEX-KK,0132,-2365,34,17,17,1/201.4,6847,
2026-08-15,SネオアイムジャグラーEX-KK,0132,-310,21,11,10,1/156.1,3278,
2026-08-16,SネオアイムジャグラーEX-KK,0132,284,38,18,20,1/130.1,4941,
2026-08-17,SネオアイムジャグラーEX-KK,0132,-77,10,6,4,1/159.3,1593,
2026-08-18,SネオアイムジャグラーEX-KK,0132,-244,12,5,7,1/148.7,1784,
2026-08-19,SネオアイムジャグラーEX-KK,0132,-466,15,10,5,1/178,2669,
2026-08-20,SネオアイムジャグラーEX-KK,0132,553,9,6,3,1/124.9,1124,
2026-08-21,SネオアイムジャグラーEX-KK,0132,-303,14,6,8,1/159.5,2232,
2026-08-22,SネオアイムジャグラーEX-KK,0132,128,25,14,11,1/145.8,3645,
2026-07-12,SネオアイムジャグラーEX-KK,0133,-737,16,6,10,1/160.5,2567,
2026-07-13,SネオアイムジャグラーEX-KK,0133,51,6,5,1,1/187.7,1126,
2026-07-14,SネオアイムジャグラーEX-KK,0133,164,31,20,11,1/159.1,4931,
2026-07-15,SネオアイムジャグラーEX-KK,0133,-675,27,13,14,1/150.5,4062,
2026-07-16,SネオアイムジャグラーEX-KK,0133,-537,5,2,3,1/220.8,1104,
2026-07-17,SネオアイムジャグラーEX-KK,0133,535,18,12,6,1/141.5,2546,
2026-07-18,SネオアイムジャグラーEX-KK,0133,-435,13,6,7,1/158.1,2055,
2026-07-19,SネオアイムジャグラーEX-KK,0133,-857,8,3,5,1/218,1744,
2026-07-20,SネオアイムジャグラーEX-KK,0133,1091,53,23,30,1/118.4,6275,
2026-07-21,SネオアイムジャグラーEX-KK,0133,2355,52,28,24,1/112,5821,
2026-07-22,SネオアイムジャグラーEX-KK,0133,3113,61,35,26,1/114.1,6956,
2026-07-23,SネオアイムジャグラーEX-KK,0133,-921,24,11,13,1/171.4,4113,
2026-07-24,SネオアイムジャグラーEX-KK,0133,-764,13,7,6,1/189.2,2459,
2026-07-25,SネオアイムジャグラーEX-KK,0133,-150,5,4,1,1/199,995,
2026-07-26,SネオアイムジャグラーEX-KK,0133,-1100,15,11,4,1/218.4,3276,
2026-07-27,SネオアイムジャグラーEX-KK,0133,28,14,7,7,1/150.8,2111,
2026-07-28,SネオアイムジャグラーEX-KK,0133,341,39,20,19,1/135,5265,
2026-07-29,SネオアイムジャグラーEX-KK,0133,-340,1,0,1,1/402,402,
2026-07-30,SネオアイムジャグラーEX-KK,0133,448,27,15,12,1/133.6,3605,
2026-07-31,SネオアイムジャグラーEX-KK,0133,-21,12,8,4,1/169.3,2031,
2026-08-01,SネオアイムジャグラーEX-KK,0133,122,22,13,9,1/144.3,3174,
2026-08-02,SネオアイムジャグラーEX-KK,0133,137,26,15,11,1/164,4263,
2026-08-03,SネオアイムジャグラーEX-KK,0133,-165,12,7,5,1/171.6,2059,
2026-08-04,SネオアイムジャグラーEX-KK,0133,-467,5,3,2,1/207.6,1038,
2026-08-05,SネオアイムジャグラーEX-KK,0133,129,39,19,20,1/136.8,5334,
2026-08-06,SネオアイムジャグラーEX-KK,0133,-206,5,2,3,1/171.8,859,
2026-08-07,SネオアイムジャグラーEX-KK,0133,-1157,28,12,16,1/172.4,4826,
2026-08-08,SネオアイムジャグラーEX-KK,0133,393,29,16,13,1/134.7,3904,
2026-08-09,SネオアイムジャグラーEX-KK,0133,-104,12,8,4,1/168.3,2019,
2026-08-10,SネオアイムジャグラーEX-KK,0133,2602,58,36,22,1/121.7,7054,
2026-08-11,SネオアイムジャグラーEX-KK,0133,496,13,10,3,1/149.2,1939,
2026-08-12,SネオアイムジャグラーEX-KK,0133,-1942,14,8,6,1/247.8,3469,
2026-08-13,SネオアイムジャグラーEX-KK,0133,-1111,47,12,35,1/134.5,6319,
2026-08-14,SネオアイムジャグラーEX-KK,0133,1364,56,35,21,1/141,7893,
2026-08-15,SネオアイムジャグラーEX-KK,0133,3710,72,42,30,1/113.4,8159,
2026-08-16,SネオアイムジャグラーEX-KK,0133,420,13,7,6,1/129.2,1679,
2026-08-17,SネオアイムジャグラーEX-KK,0133,1472,17,13,4,1/102.6,1743,
2026-08-18,SネオアイムジャグラーEX-KK,0133,-149,24,13,11,1/156.1,3745,
2026-08-19,SネオアイムジャグラーEX-KK,0133,2464,48,26,22,1/109.3,5242,
2026-08-20,SネオアイムジャグラーEX-KK,0133,-484,6,3,3,1/205.7,1234,
2026-08-21,SネオアイムジャグラーEX-KK,0133,-461,5,2,3,1/224,1120,
2026-08-22,SネオアイムジャグラーEX-KK,0133,-294,1,0,1,1/233,233,
2026-07-12,SネオアイムジャグラーEX-KK,0134,-923,4,3,1,1/360,1440,
2026-07-13,SネオアイムジャグラーEX-KK,0134,753,16,9,7,1/117.8,1884,
2026-07-14,SネオアイムジャグラーEX-KK,0134,1048,14,6,8,1/78.1,1093,
2026-07-15,SネオアイムジャグラーEX-KK,0134,-250,10,6,4,1/178.4,1784,
2026-07-16,SネオアイムジャグラーEX-KK,0134,278,9,6,3,1/145.3,1307,
2026-07-17,SネオアイムジャグラーEX-KK,0134,120,5,4,1,1/143.8,719,
2026-07-18,SネオアイムジャグラーEX-KK,0134,-100,11,5,6,1/152.2,1674,
2026-07-19,SネオアイムジャグラーEX-KK,0134,-1166,12,4,8,1/195.2,2342,
2026-07-20,SネオアイムジャグラーEX-KK,0134,-606,0,0,0,,467,
2026-07-21,SネオアイムジャグラーEX-KK,0134,-990,5,0,5,1/250,1250,
2026-07-22,SネオアイムジャグラーEX-KK,0134,655,31,14,17,1/113.4,3513,
2026-07-23,SネオアイムジャグラーEX-KK,0134,-319,12,6,6,1/166.2,1994,
2026-07-24,SネオアイムジャグラーEX-KK,0134,-370,11,7,4,1/192.2,2114,
2026-07-25,SネオアイムジャグラーEX-KK,0134,709,36,18,18,1/126.7,4560,
2026-07-26,SネオアイムジャグラーEX-KK,0134,-34,45,21,24,1/140.7,6330,
2026-07-27,SネオアイムジャグラーEX-KK,0134,-1031,3,1,2,1/402.7,1208,
2026-07-28,SネオアイムジャグラーEX-KK,0134,-819,4,3,1,1/341.3,1365,
2026-07-29,SネオアイムジャグラーEX-KK,0134,1280,50,19,31,1/108.4,5417,
2026-07-30,SネオアイムジャグラーEX-KK,0134,3093,67,33,34,1/104.3,6983,
2026-07-31,SネオアイムジャグラーEX-KK,0134,-589,3,2,1,1/304,912,
2026-08-01,SネオアイムジャグラーEX-KK,0134,484,23,14,9,1/151.1,3474,
2026-08-02,SネオアイムジャグラーEX-KK,0134,278,20,12,8,1/137.9,2757,
2026-08-03,SネオアイムジャグラーEX-KK,0134,-790,24,9,15,1/151.7,3639,
2026-08-04,SネオアイムジャグラーEX-KK,0134,-205,3,3,0,1/254,762,
2026-08-05,SネオアイムジャグラーEX-KK,0134,-1006,11,4,7,1/199.3,2192,
2026-08-06,SネオアイムジャグラーEX-KK,0134,-423,5,2,3,1/201.4,1007,
2026-08-07,SネオアイムジャグラーEX-KK,0134,2008,33,22,11,1/110.1,3631,
2026-08-08,SネオアイムジャグラーEX-KK,0134,-718,21,8,13,1/156,3275,
2026-08-09,SネオアイムジャグラーEX-KK,0134,1145,39,25,14,1/133.1,5188,
2026-08-10,SネオアイムジャグラーEX-KK,0134,-935,4,2,2,1/352,1408,
2026-08-11,SネオアイムジャグラーEX-KK,0134,1082,33,19,14,1/133.9,4417,
2026-08-12,SネオアイムジャグラーEX-KK,0134,-823,11,4,7,1/199.4,2193,
2026-08-13,SネオアイムジャグラーEX-KK,0134,1650,62,33,29,1/121.7,7545,
2026-08-14,SネオアイムジャグラーEX-KK,0134,-249,20,12,8,1/171.1,3422,
2026-08-15,SネオアイムジャグラーEX-KK,0134,-494,12,7,5,1/185.5,2226,
2026-08-16,SネオアイムジャグラーEX-KK,0134,-119,17,10,7,1/169.5,2881,
2026-08-17,SネオアイムジャグラーEX-KK,0134,285,33,19,14,1/137.4,4533,
2026-08-18,SネオアイムジャグラーEX-KK,0134,-679,3,1,2,1/325,975,
2026-08-19,SネオアイムジャグラーEX-KK,0134,-79,19,9,10,1/142.7,2710,
2026-08-20,SネオアイムジャグラーEX-KK,0134,-8,3,3,0,1/220,660,
2026-08-21,SネオアイムジャグラーEX-KK,0134,404,36,24,12,1/142.1,5113,
2026-08-22,SネオアイムジャグラーEX-KK,0134,2104,41,23,18,1/114.4,4690,
2026-07-12,SネオアイムジャグラーEX-KK,0135,-1157,24,10,14,1/159.2,3819,
2026-07-13,SネオアイムジャグラーEX-KK,0135,-342,10,3,7,1/150.2,1502,
2026-07-14,SネオアイムジャグラーEX-KK,0135,297,20,9,11,1/141.8,2835,
2026-07-15,SネオアイムジャグラーEX-KK,0135,-873,29,15,14,1/167.2,4848,
2026-07-16,SネオアイムジャグラーEX-KK,0135,76,20,9,11,1/133.4,2668,
2026-07-17,SネオアイムジャグラーEX-KK,0135,-100,6,6,0,1/193.9,1163,
2026-07-18,SネオアイムジャグラーEX-KK,0135,-889,3,1,2,1/379,1137,
2026-07-19,SネオアイムジャグラーEX-KK,0135,-592,2,1,1,1/363.5,727,
2026-07-20,SネオアイムジャグラーEX-KK,0135,2236,58,34,24,1/120,6956,
2026-07-21,SネオアイムジャグラーEX-KK,0135,-26,28,18,10,1/159.7,4470,
2026-07-24,SネオアイムジャグラーEX-KK,0135,1451,14,10,4,1/86.6,1212,
2026-07-25,SネオアイムジャグラーEX-KK,0135,-780,0,0,0,,563,
2026-07-26,SネオアイムジャグラーEX-KK,0135,80,20,13,7,1/141.8,2835,
2026-07-27,SネオアイムジャグラーEX-KK,0135,-56,27,15,12,1/149.1,4025,
2026-07-28,SネオアイムジャグラーEX-KK,0135,-1245,32,17,15,1/176,5630,
2026-07-29,SネオアイムジャグラーEX-KK,0135,933,28,16,12,1/126.3,3534,
2026-07-30,SネオアイムジャグラーEX-KK,0135,-331,2,2,0,1/336,672,
2026-07-31,SネオアイムジャグラーEX-KK,0135,1793,41,24,17,1/122.7,5028,
2026-08-01,SネオアイムジャグラーEX-KK,0135,3330,64,35,29,1/107.8,6896,
2026-08-02,SネオアイムジャグラーEX-KK,0135,3255,66,32,34,1/105.6,6964,
2026-08-03,SネオアイムジャグラーEX-KK,0135,-490,21,10,11,1/162.1,3403,
2026-08-04,SネオアイムジャグラーEX-KK,0135,-177,9,5,4,1/161.5,1453,
2026-08-05,SネオアイムジャグラーEX-KK,0135,-694,20,9,11,1/166.9,3337,
2026-08-06,SネオアイムジャグラーEX-KK,0135,1404,31,18,13,1/117,3624,
2026-08-07,SネオアイムジャグラーEX-KK,0135,-1167,7,2,5,1/260.2,1821,
2026-08-08,SネオアイムジャグラーEX-KK,0135,626,31,18,13,1/138.3,4286,
2026-08-09,SネオアイムジャグラーEX-KK,0135,-608,10,5,5,1/184.5,1845,
2026-08-10,SネオアイムジャグラーEX-KK,0135,378,14,8,6,1/129.3,1810,
2026-08-11,SネオアイムジャグラーEX-KK,0135,-822,6,2,4,1/225.7,1354,
2026-08-12,SネオアイムジャグラーEX-KK,0135,-929,15,7,8,1/197.2,2957,
2026-08-13,SネオアイムジャグラーEX-KK,0135,-1216,18,7,11,1/187.2,3368,
2026-08-14,SネオアイムジャグラーEX-KK,0135,-98,27,14,13,1/146.2,3945,
2026-08-15,SネオアイムジャグラーEX-KK,0135,-478,39,16,23,1/142.2,5545,
2026-08-16,SネオアイムジャグラーEX-KK,0135,238,20,10,10,1/140.1,2801,
2026-08-17,SネオアイムジャグラーEX-KK,0135,2086,46,24,22,1/109.2,5019,
2026-08-18,SネオアイムジャグラーEX-KK,0135,-1207,5,2,3,1/331.8,1659,
2026-08-19,SネオアイムジャグラーEX-KK,0135,-1142,23,10,13,1/169.3,3892,
2026-08-20,SネオアイムジャグラーEX-KK,0135,-488,38,15,23,1/144.7,5498,
2026-08-21,SネオアイムジャグラーEX-KK,0135,93,12,8,4,1/168.7,2024,
2026-08-22,SネオアイムジャグラーEX-KK,0135,-899,14,6,8,1/185.5,2596,
2026-07-12,SネオアイムジャグラーEX-KK,0136,-53,18,9,9,1/147.9,2662,
2026-07-13,SネオアイムジャグラーEX-KK,0136,-71,12,7,5,1/152.8,1833,
2026-07-14,SネオアイムジャグラーEX-KK,0136,-542,2,1,1,1/387,774,
2026-07-15,SネオアイムジャグラーEX-KK,0136,-77,23,13,10,1/156.6,3601,
2026-07-16,SネオアイムジャグラーEX-KK,0136,-599,6,5,1,1/255.9,1535,
2026-07-17,SネオアイムジャグラーEX-KK,0136,1155,32,19,13,1/127.6,4081,
2026-07-18,SネオアイムジャグラーEX-KK,0136,1874,52,30,22,1/120,6238,
2026-07-19,SネオアイムジャグラーEX-KK,0136,818,15,12,3,1/126.8,1901,
2026-07-20,SネオアイムジャグラーEX-KK,0136,-1096,8,2,6,1/206.8,1654,
2026-07-21,SネオアイムジャグラーEX-KK,0136,727,11,7,4,1/112.3,1235,
2026-07-24,SネオアイムジャグラーEX-KK,0136,-84,8,6,2,1/166.8,1334,
2026-07-25,SネオアイムジャグラーEX-KK,0136,242,8,6,2,1/146,1168,
2026-07-26,SネオアイムジャグラーEX-KK,0136,4268,69,44,25,1/109.9,7582,
2026-07-27,SネオアイムジャグラーEX-KK,0136,-488,0,0,0,,364,
2026-07-28,SネオアイムジャグラーEX-KK,0136,680,20,15,5,1/162.9,3257,
2026-07-29,SネオアイムジャグラーEX-KK,0136,643,22,8,14,1/104.8,2304,
2026-07-30,SネオアイムジャグラーEX-KK,0136,84,20,10,10,1/140.3,2806,
2026-07-31,SネオアイムジャグラーEX-KK,0136,-709,20,9,11,1/154.9,3097,
2026-08-01,SネオアイムジャグラーEX-KK,0136,-932,4,1,3,1/279.8,1119,
2026-08-02,SネオアイムジャグラーEX-KK,0136,216,14,9,5,1/140.3,1963,
2026-08-03,SネオアイムジャグラーEX-KK,0136,-353,16,11,5,1/194.7,3115,
2026-08-04,SネオアイムジャグラーEX-KK,0136,-690,3,2,1,1/358.7,1076,
2026-08-05,SネオアイムジャグラーEX-KK,0136,2159,30,21,9,1/112.1,3361,
2026-08-06,SネオアイムジャグラーEX-KK,0136,-746,3,1,2,1/299.4,898,
2026-08-07,SネオアイムジャグラーEX-KK,0136,509,17,8,9,1/127.5,2167,
2026-08-08,SネオアイムジャグラーEX-KK,0136,304,29,18,11,1/145.1,4207,
2026-08-09,SネオアイムジャグラーEX-KK,0136,-499,19,11,8,1/162.2,3081,
2026-08-10,SネオアイムジャグラーEX-KK,0136,-796,15,8,7,1/206.8,3101,
2026-08-11,SネオアイムジャグラーEX-KK,0136,1399,44,24,20,1/125.1,5503,
2026-08-12,SネオアイムジャグラーEX-KK,0136,89,26,16,10,1/153,3976,
2026-08-13,SネオアイムジャグラーEX-KK,0136,1094,36,19,17,1/119,4281,
2026-08-14,SネオアイムジャグラーEX-KK,0136,-1371,37,15,22,1/155.7,5758,
2026-08-15,SネオアイムジャグラーEX-KK,0136,-1467,32,21,11,1/196.9,6299,
2026-08-16,SネオアイムジャグラーEX-KK,0136,449,21,11,10,1/118.5,2487,
2026-08-17,SネオアイムジャグラーEX-KK,0136,-214,35,22,13,1/169.3,5923,
2026-08-18,SネオアイムジャグラーEX-KK,0136,26,12,7,5,1/154.7,1856,
2026-08-19,SネオアイムジャグラーEX-KK,0136,2363,44,29,15,1/120.5,5301,
2026-08-20,SネオアイムジャグラーEX-KK,0136,384,26,12,14,1/133.4,3467,
2026-08-21,SネオアイムジャグラーEX-KK,0136,1773,31,21,10,1/112.7,3491,
2026-08-22,SネオアイムジャグラーEX-KK,0136,-667,19,12,7,1/192.4,3654,
2026-07-12,SネオアイムジャグラーEX-KK,0137,-28,19,12,7,1/161,3058,
2026-07-13,SネオアイムジャグラーEX-KK,0137,2313,35,20,15,1/103.6,3625,
2026-07-14,SネオアイムジャグラーEX-KK,0137,154,12,9,3,1/156.7,1880,
2026-07-15,SネオアイムジャグラーEX-KK,0137,-1850,12,4,8,1/237.5,2850,
2026-07-16,SネオアイムジャグラーEX-KK,0137,-771,1,1,0,1/796,796,
2026-07-17,SネオアイムジャグラーEX-KK,0137,-667,7,3,4,1/205,1435,
2026-07-18,SネオアイムジャグラーEX-KK,0137,309,17,12,5,1/150.1,2551,
2026-07-19,SネオアイムジャグラーEX-KK,0137,805,54,28,26,1/138.1,7454,
2026-07-20,SネオアイムジャグラーEX-KK,0137,-636,18,6,12,1/148.6,2674,
2026-07-21,SネオアイムジャグラーEX-KK,0137,-1064,15,5,10,1/182,2729,
2026-07-24,SネオアイムジャグラーEX-KK,0137,-757,10,6,4,1/206.3,2063,
2026-07-25,SネオアイムジャグラーEX-KK,0137,1098,47,32,15,1/141.3,6640,
2026-07-26,SネオアイムジャグラーEX-KK,0137,-826,6,2,4,1/252.5,1515,
2026-07-27,SネオアイムジャグラーEX-KK,0137,842,23,12,11,1/113.2,2602,
2026-07-28,SネオアイムジャグラーEX-KK,0137,-627,8,3,5,1/183,1464,
2026-07-29,SネオアイムジャグラーEX-KK,0137,-320,18,9,9,1/149.9,2697,
2026-07-30,SネオアイムジャグラーEX-KK,0137,772,23,12,11,1/113.4,2606,
2026-07-31,SネオアイムジャグラーEX-KK,0137,87,15,9,6,1/151.5,2272,
2026-08-01,SネオアイムジャグラーEX-KK,0137,-1188,10,5,5,1/251.2,2512,
2026-08-02,SネオアイムジャグラーEX-KK,0137,425,17,11,6,1/144,2448,
2026-08-03,SネオアイムジャグラーEX-KK,0137,3405,42,31,11,1/107.3,4505,
2026-08-04,SネオアイムジャグラーEX-KK,0137,514,34,23,11,1/153,5202,
2026-08-05,SネオアイムジャグラーEX-KK,0137,-784,9,5,4,1/195.6,1760,
2026-08-06,SネオアイムジャグラーEX-KK,0137,24,20,13,7,1/170.6,3411,
2026-08-07,SネオアイムジャグラーEX-KK,0137,377,13,9,4,1/146.6,1905,
2026-08-08,SネオアイムジャグラーEX-KK,0137,-72,32,19,13,1/156.3,4999,
2026-08-09,SネオアイムジャグラーEX-KK,0137,652,40,21,19,1/133,5320,
2026-08-10,SネオアイムジャグラーEX-KK,0137,-917,18,8,10,1/171.7,3090,
2026-08-11,SネオアイムジャグラーEX-KK,0137,138,45,19,26,1/125.1,5629,
2026-08-12,SネオアイムジャグラーEX-KK,0137,155,51,25,26,1/143.2,7303,
2026-08-13,SネオアイムジャグラーEX-KK,0137,-547,20,11,9,1/171.5,3429,
2026-08-14,SネオアイムジャグラーEX-KK,0137,-553,13,9,4,1/196.7,2556,
2026-08-15,SネオアイムジャグラーEX-KK,0137,-710,2,1,1,1/352,704,
2026-08-16,SネオアイムジャグラーEX-KK,0137,-1058,50,22,28,1/152.6,7630,
2026-08-17,SネオアイムジャグラーEX-KK,0137,633,30,15,15,1/121.6,3646,
2026-08-18,SネオアイムジャグラーEX-KK,0137,1111,33,20,13,1/130.1,4293,
2026-08-19,SネオアイムジャグラーEX-KK,0137,-1088,11,5,6,1/209.8,2307,
2026-08-20,SネオアイムジャグラーEX-KK,0137,-354,0,0,0,,241,
2026-08-21,SネオアイムジャグラーEX-KK,0137,-240,11,7,4,1/165.2,1817,
2026-08-22,SネオアイムジャグラーEX-KK,0137,-922,7,3,4,1/222.5,1557,
2026-07-12,SハッピージャグラーV III EA,0148,44,20,11,9,1/149.1,2981,
2026-07-13,SハッピージャグラーV III EA,0148,208,18,9,9,1/135.8,2444,
2026-07-14,SハッピージャグラーV III EA,0148,-44,22,13,9,1/152.4,3351,
2026-07-15,SハッピージャグラーV III EA,0148,389,45,26,19,1/142.4,6406,
2026-07-16,SハッピージャグラーV III EA,0148,-609,8,7,1,1/245.8,1966,
2026-07-17,SハッピージャグラーV III EA,0148,65,34,22,12,1/161.7,5495,
2026-07-18,SハッピージャグラーV III EA,0148,-435,14,9,5,1/189.6,2654,
2026-07-19,SハッピージャグラーV III EA,0148,701,58,29,29,1/132.9,7705,
2026-07-20,SハッピージャグラーV III EA,0148,-119,47,27,20,1/155.3,7296,
2026-07-21,SハッピージャグラーV III EA,0148,519,22,15,7,1/138.8,3052,
2026-07-22,SハッピージャグラーV III EA,0148,-249,2,1,1,1/249.5,499,
2026-07-23,SハッピージャグラーV III EA,0148,1629,55,33,22,1/136.4,7499,
2026-07-24,SハッピージャグラーV III EA,0148,232,17,8,9,1/119.5,2030,
2026-07-25,SハッピージャグラーV III EA,0148,-737,2,1,1,1/367,734,
2026-07-26,SハッピージャグラーV III EA,0148,-45,27,14,13,1/143.1,3863,
2026-07-27,SハッピージャグラーV III EA,0148,-599,24,12,12,1/147,3526,
2026-07-28,SハッピージャグラーV III EA,0148,-177,29,13,16,1/138,4000,
2026-07-29,SハッピージャグラーV III EA,0148,-469,1,0,1,1/410,410,
2026-07-30,SハッピージャグラーV III EA,0148,-105,5,2,3,1/156.4,782,
2026-07-31,SハッピージャグラーV III EA,0148,-1013,33,16,17,1/175.9,5802,
2026-08-01,SハッピージャグラーV III EA,0148,679,27,19,8,1/141.8,3828,
2026-08-02,SハッピージャグラーV III EA,0148,2588,44,24,20,1/98.7,4341,
2026-08-03,SハッピージャグラーV III EA,0148,-867,18,10,8,1/189,3401,
2026-08-04,SハッピージャグラーV III EA,0148,94,3,3,0,1/159.4,478,
2026-08-05,SハッピージャグラーV III EA,0148,-265,20,5,15,1/121.4,2428,
2026-08-06,SハッピージャグラーV III EA,0148,277,15,10,5,1/136.7,2050,
2026-08-07,SハッピージャグラーV III EA,0148,-1486,14,3,11,1/181.7,2543,
2026-08-08,SハッピージャグラーV III EA,0148,1406,26,17,9,1/120.3,3126,
2026-08-09,SハッピージャグラーV III EA,0148,171,34,21,13,1/145.3,4939,
2026-08-10,SハッピージャグラーV III EA,0148,-776,6,5,1,1/282.2,1693,
2026-08-11,SハッピージャグラーV III EA,0148,161,6,5,1,1/154.2,925,
2026-08-12,SハッピージャグラーV III EA,0148,1516,35,23,12,1/127.1,4447,
2026-08-13,SハッピージャグラーV III EA,0148,-872,12,5,7,1/192.8,2313,
2026-08-14,SハッピージャグラーV III EA,0148,909,36,16,20,1/107.6,3872,
2026-08-15,SハッピージャグラーV III EA,0148,109,31,16,15,1/140,4338,
2026-08-16,SハッピージャグラーV III EA,0148,94,31,17,14,1/135,4183,
2026-08-17,SハッピージャグラーV III EA,0148,-326,22,10,12,1/151.8,3339,
2026-08-18,SハッピージャグラーV III EA,0148,322,13,10,3,1/159.4,2071,
2026-08-19,SハッピージャグラーV III EA,0148,-211,0,0,0,,179,
2026-08-20,SハッピージャグラーV III EA,0148,-350,8,4,4,1/178.9,1431,
2026-08-21,SハッピージャグラーV III EA,0148,-710,8,4,4,1/205.2,1641,
2026-08-22,SハッピージャグラーV III EA,0148,2302,47,33,14,1/131,6155,
2026-07-12,SハッピージャグラーV III EA,0149,1122,15,9,6,1/105.3,1579,
2026-07-13,SハッピージャグラーV III EA,0149,-485,10,6,4,1/181.6,1816,
2026-07-14,SハッピージャグラーV III EA,0149,-606,1,0,1,1/478,478,
2026-07-15,SハッピージャグラーV III EA,0149,13,9,7,2,1/180,1620,
2026-07-16,SハッピージャグラーV III EA,0149,49,14,9,5,1/158,2212,
2026-07-17,SハッピージャグラーV III EA,0149,-48,2,2,0,1/202,404,
2026-07-18,SハッピージャグラーV III EA,0149,7,21,11,10,1/149.2,3132,
2026-07-19,SハッピージャグラーV III EA,0149,-191,3,2,1,1/244.4,733,
2026-07-20,SハッピージャグラーV III EA,0149,824,34,17,17,1/126.9,4313,
2026-07-21,SハッピージャグラーV III EA,0149,-104,11,8,3,1/158.8,1746,
2026-07-22,SハッピージャグラーV III EA,0149,1552,41,24,17,1/118.1,4841,
2026-07-23,SハッピージャグラーV III EA,0149,169,15,11,4,1/180.3,2704,
2026-07-24,SハッピージャグラーV III EA,0149,-268,0,0,0,,205,
2026-07-25,SハッピージャグラーV III EA,0149,134,31,16,15,1/135.4,4196,
2026-07-26,SハッピージャグラーV III EA,0149,896,35,20,15,1/130.6,4569,
2026-07-27,SハッピージャグラーV III EA,0149,-273,4,2,2,1/192.3,769,
2026-07-28,SハッピージャグラーV III EA,0149,-796,1,1,0,1/815,815,
2026-07-29,SハッピージャグラーV III EA,0149,-664,10,5,5,1/183.3,1833,
2026-07-30,SハッピージャグラーV III EA,0149,-10,5,4,1,1/169.4,847,
2026-07-31,SハッピージャグラーV III EA,0149,-637,9,4,5,1/177.8,1600,
2026-08-01,SハッピージャグラーV III EA,0149,-418,7,3,4,1/169.3,1185,
2026-08-02,SハッピージャグラーV III EA,0149,-965,8,3,5,1/233.4,1867,
2026-08-03,SハッピージャグラーV III EA,0149,524,31,19,12,1/141.5,4384,
2026-08-04,SハッピージャグラーV III EA,0149,1199,23,14,9,1/111.7,2569,
2026-08-05,SハッピージャグラーV III EA,0149,240,16,11,5,1/159.5,2551,
2026-08-06,SハッピージャグラーV III EA,0149,-265,16,9,7,1/152.2,2434,
2026-08-07,SハッピージャグラーV III EA,0149,-33,3,3,0,1/224.7,674,
2026-08-08,SハッピージャグラーV III EA,0149,1608,29,19,10,1/110.5,3203,
2026-08-09,SハッピージャグラーV III EA,0149,363,8,6,2,1/120.5,964,
2026-08-10,SハッピージャグラーV III EA,0149,-55,17,10,7,1/148.3,2521,
2026-08-11,SハッピージャグラーV III EA,0149,-576,0,0,0,,529,
2026-08-12,SハッピージャグラーV III EA,0149,-312,4,2,2,1/192.5,770,
2026-08-13,SハッピージャグラーV III EA,0149,-515,3,1,2,1/297,891,
2026-08-14,SハッピージャグラーV III EA,0149,-406,25,16,9,1/170.3,4257,
2026-08-15,SハッピージャグラーV III EA,0149,-561,5,2,3,1/242.6,1213,
2026-08-16,SハッピージャグラーV III EA,0149,684,20,11,9,1/118.4,2368,
2026-08-17,SハッピージャグラーV III EA,0149,-803,7,2,5,1/226.5,1585,
2026-08-18,SハッピージャグラーV III EA,0149,315,7,6,1,1/166.5,1165,
2026-08-19,SハッピージャグラーV III EA,0149,1765,42,25,17,1/119.8,5028,
2026-08-20,SハッピージャグラーV III EA,0149,49,3,2,1,1/144,432,
2026-08-21,SハッピージャグラーV III EA,0149,-394,3,2,1,1/267.7,803,
2026-08-22,SハッピージャグラーV III EA,0149,8,6,4,2,1/156,936,
2026-07-12,SハッピージャグラーV III EA,0150,971,34,21,13,1/128.6,4371,
2026-07-13,SハッピージャグラーV III EA,0150,275,34,17,17,1/134.1,4557,
2026-07-14,SハッピージャグラーV III EA,0150,247,4,3,1,1/143,572,
2026-07-15,SハッピージャグラーV III EA,0150,-802,7,2,5,1/212,1484,
2026-07-16,SハッピージャグラーV III EA,0150,-223,9,5,4,1/147.2,1324,
2026-07-17,SハッピージャグラーV III EA,0150,-1076,11,4,7,1/200.2,2202,
2026-07-18,SハッピージャグラーV III EA,0150,-556,5,2,3,1/240.6,1203,
2026-07-19,SハッピージャグラーV III EA,0150,-757,1,1,0,1/735,735,
2026-07-20,SハッピージャグラーV III EA,0150,217,23,13,10,1/144.8,3330,
2026-07-21,SハッピージャグラーV III EA,0150,485,9,8,1,1/148.3,1334,
2026-07-22,SハッピージャグラーV III EA,0150,-231,0,0,0,,190,
2026-07-23,SハッピージャグラーV III EA,0150,-424,1,1,0,1/631,631,
2026-07-24,SハッピージャグラーV III EA,0150,1857,43,21,22,1/108.2,4652,
2026-07-25,SハッピージャグラーV III EA,0150,-1223,19,5,14,1/166.2,3156,
2026-07-26,SハッピージャグラーV III EA,0150,-286,1,1,0,1/420,420,
2026-07-27,SハッピージャグラーV III EA,0150,38,6,3,3,1/133.2,799,
2026-07-28,SハッピージャグラーV III EA,0150,-70,24,10,14,1/134,3215,
2026-07-29,SハッピージャグラーV III EA,0150,372,16,9,7,1/130.7,2090,
2026-07-30,SハッピージャグラーV III EA,0150,319,9,6,3,1/130.5,1174,
2026-07-31,SハッピージャグラーV III EA,0150,600,13,9,4,1/124.1,1613,
2026-08-01,SハッピージャグラーV III EA,0150,-991,14,6,8,1/187,2618,
2026-08-02,SハッピージャグラーV III EA,0150,-559,30,16,14,1/166.2,4985,
2026-08-03,SハッピージャグラーV III EA,0150,-1142,5,3,2,1/333.4,1667,
2026-08-04,SハッピージャグラーV III EA,0150,-21,16,10,6,1/161.3,2580,
2026-08-05,SハッピージャグラーV III EA,0150,-251,1,1,0,1/404,404,
2026-08-06,SハッピージャグラーV III EA,0150,-261,0,0,0,,143,
2026-08-07,SハッピージャグラーV III EA,0150,2103,43,21,22,1/109.6,4712,
2026-08-08,SハッピージャグラーV III EA,0150,286,31,17,14,1/137.7,4266,
2026-08-09,SハッピージャグラーV III EA,0150,-786,13,6,7,1/188.8,2454,
2026-08-10,SハッピージャグラーV III EA,0150,341,17,11,6,1/159.6,2713,
2026-08-11,SハッピージャグラーV III EA,0150,-562,11,4,7,1/147.4,1621,
2026-08-12,SハッピージャグラーV III EA,0150,-783,12,7,5,1/213.2,2558,
2026-08-13,SハッピージャグラーV III EA,0150,1817,65,34,31,1/126.4,8212,
2026-08-14,SハッピージャグラーV III EA,0150,-308,4,3,1,1/238.3,953,
2026-08-15,SハッピージャグラーV III EA,0150,2350,59,38,21,1/122,7193,
2026-08-16,SハッピージャグラーV III EA,0150,-340,4,4,0,1/318,1272,
2026-08-17,SハッピージャグラーV III EA,0150,-19,5,3,2,1/146.8,734,
2026-08-18,SハッピージャグラーV III EA,0150,-533,5,3,2,1/249.8,1249,
2026-08-19,SハッピージャグラーV III EA,0150,-276,0,0,0,,207,
2026-08-20,SハッピージャグラーV III EA,0150,64,9,6,3,1/152,1368,
2026-08-21,SハッピージャグラーV III EA,0150,-454,7,2,5,1/178.5,1249,
2026-08-22,SハッピージャグラーV III EA,0150,178,4,4,0,1/180,720,
2026-07-12,SハッピージャグラーV III EA,0151,-209,3,3,0,1/237.7,713,
2026-07-13,SハッピージャグラーV III EA,0151,-740,13,7,6,1/200.7,2609,
2026-07-14,SハッピージャグラーV III EA,0151,188,5,4,1,1/147.4,737,
2026-07-15,SハッピージャグラーV III EA,0151,-554,8,6,2,1/228.2,1825,
2026-07-16,SハッピージャグラーV III EA,0151,60,14,9,5,1/154.7,2165,
2026-07-17,SハッピージャグラーV III EA,0151,-312,6,2,4,1/155.7,934,
2026-07-18,SハッピージャグラーV III EA,0151,-104,10,7,3,1/187.2,1872,
2026-07-19,SハッピージャグラーV III EA,0151,579,17,11,6,1/145.9,2479,
2026-07-20,SハッピージャグラーV III EA,0151,-310,20,9,11,1/142.5,2850,
2026-07-21,SハッピージャグラーV III EA,0151,-546,8,2,6,1/161.5,1292,
2026-07-22,SハッピージャグラーV III EA,0151,1836,26,16,10,1/107.2,2787,
2026-07-23,SハッピージャグラーV III EA,0151,-204,10,7,3,1/184.1,1841,
2026-07-24,SハッピージャグラーV III EA,0151,1936,21,14,7,1/90,1889,
2026-07-25,SハッピージャグラーV III EA,0151,540,13,7,6,1/116.7,1516,
2026-07-26,SハッピージャグラーV III EA,0151,1211,23,16,7,1/118.1,2716,
2026-07-27,SハッピージャグラーV III EA,0151,-375,4,1,3,1/153.8,615,
2026-07-28,SハッピージャグラーV III EA,0151,322,24,13,11,1/132.2,3172,
2026-07-29,SハッピージャグラーV III EA,0151,-143,3,2,1,1/248,744,
2026-07-30,SハッピージャグラーV III EA,0151,-909,4,3,1,1/361.5,1446,
2026-07-31,SハッピージャグラーV III EA,0151,-368,3,2,1,1/295.7,887,
2026-08-01,SハッピージャグラーV III EA,0151,-378,4,2,2,1/228.8,915,
2026-08-02,SハッピージャグラーV III EA,0151,662,36,19,17,1/128.1,4609,
2026-08-03,SハッピージャグラーV III EA,0151,-487,8,4,4,1/198.7,1589,
2026-08-04,SハッピージャグラーV III EA,0151,2078,53,33,20,1/126.2,6686,
2026-08-05,SハッピージャグラーV III EA,0151,-438,0,0,0,,418,
2026-08-06,SハッピージャグラーV III EA,0151,-1285,54,21,33,1/152,8206,
2026-08-07,SハッピージャグラーV III EA,0151,-41,2,1,1,1/150,300,
2026-08-08,SハッピージャグラーV III EA,0151,-420,7,2,5,1/156.3,1094,
2026-08-09,SハッピージャグラーV III EA,0151,-167,4,3,1,1/224,896,
2026-08-10,SハッピージャグラーV III EA,0151,-411,8,5,3,1/183.7,1469,
2026-08-11,SハッピージャグラーV III EA,0151,546,26,12,14,1/123.3,3205,
2026-08-12,SハッピージャグラーV III EA,0151,154,6,6,0,1/198.5,1191,
2026-08-13,SハッピージャグラーV III EA,0151,223,39,22,17,1/147.1,5736,
2026-08-14,SハッピージャグラーV III EA,0151,-580,25,12,13,1/144.8,3618,
2026-08-15,SハッピージャグラーV III EA,0151,-406,20,8,12,1/140.4,2808,
2026-08-16,SハッピージャグラーV III EA,0151,19,20,10,10,1/134.4,2687,
2026-08-17,SハッピージャグラーV III EA,0151,-527,0,0,0,,355,
2026-08-18,SハッピージャグラーV III EA,0151,-206,33,16,17,1/144.2,4757,
2026-08-19,SハッピージャグラーV III EA,0151,-6,5,2,3,1/139.2,696,
2026-08-20,SハッピージャグラーV III EA,0151,-158,4,2,2,1/156.5,626,
2026-08-21,SハッピージャグラーV III EA,0151,-701,29,12,17,1/150,4348,
2026-08-22,SハッピージャグラーV III EA,0151,-1128,35,11,24,1/141.4,4947,
2026-07-12,Sファンキージャグラー2KT,0138,1040,23,13,10,1/115.3,2650,
2026-07-13,Sファンキージャグラー2KT,0138,-44,3,2,1,1/191.4,574,
2026-07-14,Sファンキージャグラー2KT,0138,-78,26,14,12,1/154.6,4019,
2026-07-15,Sファンキージャグラー2KT,0138,261,24,13,11,1/136.5,3276,
2026-07-16,Sファンキージャグラー2KT,0138,-165,25,15,10,1/162.9,4072,
2026-07-17,Sファンキージャグラー2KT,0138,-331,2,1,1,1/247.5,495,
2026-07-18,Sファンキージャグラー2KT,0138,-133,14,8,6,1/160.5,2246,
2026-07-19,Sファンキージャグラー2KT,0138,-131,3,3,0,1/250.7,752,
2026-07-20,Sファンキージャグラー2KT,0138,380,26,14,12,1/134.8,3504,
2026-07-21,Sファンキージャグラー2KT,0138,-330,3,2,1,1/263.7,791,
2026-07-22,Sファンキージャグラー2KT,0138,-507,3,2,1,1/272.4,817,
2026-07-23,Sファンキージャグラー2KT,0138,277,22,14,8,1/158.4,3484,
2026-07-24,Sファンキージャグラー2KT,0138,-233,32,10,22,1/130.1,4162,
2026-07-25,Sファンキージャグラー2KT,0138,117,2,2,0,1/147.5,295,
2026-07-26,Sファンキージャグラー2KT,0138,-659,7,5,2,1/266.5,1865,
2026-07-27,Sファンキージャグラー2KT,0138,25,46,25,21,1/152.3,7003,
2026-07-28,Sファンキージャグラー2KT,0138,-290,30,16,14,1/160.5,4814,
2026-07-29,Sファンキージャグラー2KT,0138,-491,3,1,2,1/266.7,800,
2026-07-30,Sファンキージャグラー2KT,0138,2506,45,30,15,1/116,5220,
2026-07-31,Sファンキージャグラー2KT,0138,264,22,12,10,1/140.1,3081,
2026-08-01,Sファンキージャグラー2KT,0138,-63,23,11,12,1/142.3,3271,
2026-08-02,Sファンキージャグラー2KT,0138,-1252,2,2,0,1/756,1512,
2026-08-03,Sファンキージャグラー2KT,0138,-957,13,7,6,1/205,2664,
2026-08-04,Sファンキージャグラー2KT,0138,-170,5,4,1,1/188.6,943,
2026-08-05,Sファンキージャグラー2KT,0138,-810,3,2,1,1/404.4,1213,
2026-08-06,Sファンキージャグラー2KT,0138,1094,17,11,6,1/112.9,1919,
2026-08-07,Sファンキージャグラー2KT,0138,940,25,17,8,1/131.8,3295,
2026-08-08,Sファンキージャグラー2KT,0138,-933,10,6,4,1/251.1,2511,
2026-08-09,Sファンキージャグラー2KT,0138,157,13,11,2,1/172,2235,
2026-08-10,Sファンキージャグラー2KT,0138,-1146,5,2,3,1/308.8,1544,
2026-08-11,Sファンキージャグラー2KT,0138,-400,6,4,2,1/225.9,1355,
2026-08-12,Sファンキージャグラー2KT,0138,-1645,5,0,5,1/366.2,1831,
2026-08-13,Sファンキージャグラー2KT,0138,1387,56,31,25,1/126.6,7086,
2026-08-14,Sファンキージャグラー2KT,0138,1405,55,29,26,1/122.2,6717,
2026-08-15,Sファンキージャグラー2KT,0138,-579,27,18,9,1/176.6,4768,
2026-08-16,Sファンキージャグラー2KT,0138,-676,10,5,5,1/183.1,1831,
2026-08-17,Sファンキージャグラー2KT,0138,1509,32,24,8,1/126.1,4034,
2026-08-18,Sファンキージャグラー2KT,0138,-330,3,3,0,1/294.4,883,
2026-08-19,Sファンキージャグラー2KT,0138,-182,3,2,1,1/237,711,
2026-08-20,Sファンキージャグラー2KT,0138,552,24,14,10,1/131.3,3150,
2026-08-21,Sファンキージャグラー2KT,0138,-376,6,3,3,1/204.2,1225,
2026-08-22,Sファンキージャグラー2KT,0138,-168,1,1,0,1/336,336,
2026-07-12,Sファンキージャグラー2KT,0139,-878,0,0,0,,681,
2026-07-13,Sファンキージャグラー2KT,0139,-639,15,7,8,1/167,2504,
2026-07-14,Sファンキージャグラー2KT,0139,87,18,11,7,1/157.7,2837,
2026-07-15,Sファンキージャグラー2KT,0139,-691,6,3,3,1/237.4,1424,
2026-07-16,Sファンキージャグラー2KT,0139,-292,0,0,0,,321,
2026-07-17,Sファンキージャグラー2KT,0139,-195,14,8,6,1/160.5,2247,
2026-07-18,Sファンキージャグラー2KT,0139,-541,8,2,6,1/163.5,1308,
2026-07-19,Sファンキージャグラー2KT,0139,-356,26,16,10,1/163.9,4259,
2026-07-20,Sファンキージャグラー2KT,0139,-416,14,6,8,1/149.3,2089,
2026-07-21,Sファンキージャグラー2KT,0139,113,13,9,4,1/154.1,2003,
2026-07-22,Sファンキージャグラー2KT,0139,-551,18,9,9,1/164.3,2957,
2026-07-23,Sファンキージャグラー2KT,0139,153,9,7,2,1/168.4,1515,
2026-07-24,Sファンキージャグラー2KT,0139,-445,3,0,3,1/210,630,
2026-07-25,Sファンキージャグラー2KT,0139,987,28,18,10,1/136.3,3816,
2026-07-26,Sファンキージャグラー2KT,0139,-526,7,2,5,1/168.3,1178,
2026-07-27,Sファンキージャグラー2KT,0139,-325,0,0,0,,214,
2026-07-28,Sファンキージャグラー2KT,0139,-617,8,4,4,1/188.4,1507,
2026-07-29,Sファンキージャグラー2KT,0139,-1296,29,12,17,1/164.9,4782,
2026-07-30,Sファンキージャグラー2KT,0139,-185,0,0,0,,205,
2026-07-31,Sファンキージャグラー2KT,0139,-147,11,6,5,1/151.5,1666,
2026-08-01,Sファンキージャグラー2KT,0139,-1917,6,2,4,1/396.2,2377,
2026-08-02,Sファンキージャグラー2KT,0139,1050,19,11,8,1/102.2,1941,
2026-08-03,Sファンキージャグラー2KT,0139,-776,6,3,3,1/260,1560,
2026-08-04,Sファンキージャグラー2KT,0139,1137,34,20,14,1/130.5,4437,
2026-08-05,Sファンキージャグラー2KT,0139,959,25,15,10,1/130.3,3256,
2026-08-06,Sファンキージャグラー2KT,0139,-385,1,0,1,1/588,588,
2026-08-07,Sファンキージャグラー2KT,0139,-156,18,9,9,1/137.7,2478,
2026-08-08,Sファンキージャグラー2KT,0139,-599,7,6,1,1/259.2,1814,
2026-08-09,Sファンキージャグラー2KT,0139,-1336,6,1,5,1/272.9,1637,
2026-08-10,Sファンキージャグラー2KT,0139,-2,15,10,5,1/158.6,2379,
2026-08-11,Sファンキージャグラー2KT,0139,635,19,13,6,1/132,2507,
2026-08-12,Sファンキージャグラー2KT,0139,-522,17,12,5,1/187.1,3180,
2026-08-13,Sファンキージャグラー2KT,0139,342,21,12,9,1/140.3,2946,
2026-08-14,Sファンキージャグラー2KT,0139,440,33,16,17,1/128.9,4251,
2026-08-15,Sファンキージャグラー2KT,0139,-384,7,3,4,1/172.2,1205,
2026-08-16,Sファンキージャグラー2KT,0139,113,25,13,12,1/144.4,3610,
2026-08-17,Sファンキージャグラー2KT,0139,-302,2,1,1,1/238.5,477,
2026-08-18,Sファンキージャグラー2KT,0139,-460,10,6,4,1/189.2,1892,
2026-08-19,Sファンキージャグラー2KT,0139,998,70,30,40,1/114.9,8043,
2026-08-20,Sファンキージャグラー2KT,0139,89,15,7,8,1/129.6,1944,
2026-08-21,Sファンキージャグラー2KT,0139,1164,18,13,5,1/131,2357,
2026-08-22,Sファンキージャグラー2KT,0139,2138,59,33,26,1/121.4,7158,
2026-07-12,Sファンキージャグラー2KT,0140,-825,3,1,2,1/330,990,
2026-07-13,Sファンキージャグラー2KT,0140,2056,60,36,24,1/123.9,7429,
2026-07-14,Sファンキージャグラー2KT,0140,96,7,5,2,1/161.8,1132,
2026-07-15,Sファンキージャグラー2KT,0140,-263,13,5,8,1/154.2,2004,
2026-07-16,Sファンキージャグラー2KT,0140,3292,59,35,24,1/105.4,6214,
2026-07-17,Sファンキージャグラー2KT,0140,-455,6,3,3,1/187.9,1127,
2026-07-18,Sファンキージャグラー2KT,0140,-1147,7,3,4,1/253.5,1774,
2026-07-19,Sファンキージャグラー2KT,0140,717,13,9,4,1/114.5,1488,
2026-07-20,Sファンキージャグラー2KT,0140,-307,12,5,7,1/158.2,1898,
2026-07-21,Sファンキージャグラー2KT,0140,-945,4,2,2,1/331,1324,
2026-07-22,Sファンキージャグラー2KT,0140,-491,6,3,3,1/209.7,1258,
2026-07-23,Sファンキージャグラー2KT,0140,-252,5,5,0,1/250.2,1251,
2026-07-24,Sファンキージャグラー2KT,0140,-251,9,4,5,1/145.9,1313,
2026-07-25,Sファンキージャグラー2KT,0140,-328,7,2,5,1/154,1078,
2026-07-26,Sファンキージャグラー2KT,0140,-422,11,7,4,1/177.9,1956,
2026-07-27,Sファンキージャグラー2KT,0140,372,40,22,18,1/135.2,5408,
2026-07-28,Sファンキージャグラー2KT,0140,94,22,13,9,1/149.7,3293,
2026-07-29,Sファンキージャグラー2KT,0140,-931,8,4,4,1/243.8,1950,
2026-07-30,Sファンキージャグラー2KT,0140,-764,7,3,4,1/234.3,1640,
2026-07-31,Sファンキージャグラー2KT,0140,-1077,21,10,11,1/177.4,3724,
2026-08-01,Sファンキージャグラー2KT,0140,-521,13,9,4,1/202.2,2628,
2026-08-02,Sファンキージャグラー2KT,0140,-480,5,3,2,1/232.6,1163,
2026-08-03,Sファンキージャグラー2KT,0140,1126,26,19,7,1/136.6,3550,
2026-08-04,Sファンキージャグラー2KT,0140,424,10,7,3,1/128,1280,
2026-08-05,Sファンキージャグラー2KT,0140,1555,33,19,14,1/115.5,3811,
2026-08-06,Sファンキージャグラー2KT,0140,579,23,13,10,1/120.3,2765,
2026-08-07,Sファンキージャグラー2KT,0140,-111,6,3,3,1/165.4,992,
2026-08-08,Sファンキージャグラー2KT,0140,-718,10,7,3,1/221.6,2216,
2026-08-09,Sファンキージャグラー2KT,0140,-1676,13,9,4,1/283.3,3682,
2026-08-10,Sファンキージャグラー2KT,0140,-529,24,10,14,1/154.3,3703,
2026-08-11,Sファンキージャグラー2KT,0140,1198,36,19,17,1/110.1,3961,
2026-08-12,Sファンキージャグラー2KT,0140,-245,3,3,0,1/313.7,941,
2026-08-13,Sファンキージャグラー2KT,0140,-288,18,11,7,1/170.4,3067,
2026-08-14,Sファンキージャグラー2KT,0140,-761,7,5,2,1/271.5,1900,
2026-08-15,Sファンキージャグラー2KT,0140,623,31,17,14,1/134.2,4160,
2026-08-16,Sファンキージャグラー2KT,0140,-1014,19,9,10,1/177.8,3377,
2026-08-17,Sファンキージャグラー2KT,0140,-1051,1,1,0,1/1017,1017,
2026-08-18,Sファンキージャグラー2KT,0140,-334,12,7,5,1/174.6,2095,
2026-08-19,Sファンキージャグラー2KT,0140,409,8,6,2,1/154.4,1235,
2026-08-20,Sファンキージャグラー2KT,0140,-183,1,1,0,1/365,365,
2026-08-21,Sファンキージャグラー2KT,0140,-127,4,4,0,1/220.3,881,
2026-08-22,Sファンキージャグラー2KT,0140,-2,2,1,1,1/149.5,299,
2026-07-12,SマイジャグラーVKD,0154,-52,21,10,11,1/150,3150,
2026-07-13,SマイジャグラーVKD,0154,16,21,12,9,1/147.7,3100,
2026-07-14,SマイジャグラーVKD,0154,498,25,15,10,1/138.6,3465,
2026-07-15,SマイジャグラーVKD,0154,-701,18,8,10,1/173.4,3120,
2026-07-16,SマイジャグラーVKD,0154,-590,23,12,11,1/170.7,3925,
2026-07-17,SマイジャグラーVKD,0154,-611,20,12,8,1/185.5,3710,
2026-07-18,SマイジャグラーVKD,0154,-23,49,23,26,1/143.9,7050,
2026-07-19,SマイジャグラーVKD,0154,-1199,14,8,6,1/240.5,3367,
2026-07-20,SマイジャグラーVKD,0154,-909,39,22,17,1/167.7,6537,
2026-07-21,SマイジャグラーVKD,0154,25,11,7,4,1/144.9,1593,
2026-07-22,SマイジャグラーVKD,0154,278,17,11,6,1/153.2,2604,
2026-07-23,SマイジャグラーVKD,0154,2232,41,25,16,1/111,4548,
2026-07-24,SマイジャグラーVKD,0154,954,27,18,9,1/136,3671,
2026-07-25,SマイジャグラーVKD,0154,1791,36,23,13,1/119.3,4293,
2026-07-26,SマイジャグラーVKD,0154,841,52,26,26,1/130.4,6780,
2026-07-27,SマイジャグラーVKD,0154,-1276,12,5,7,1/194.1,2329,
2026-07-28,SマイジャグラーVKD,0154,-481,36,20,16,1/159.5,5740,
2026-07-29,SマイジャグラーVKD,0154,743,20,13,7,1/129.4,2587,
2026-07-30,SマイジャグラーVKD,0154,-560,37,16,21,1/152.3,5635,
2026-07-31,SマイジャグラーVKD,0154,72,24,16,8,1/164.8,3955,
2026-08-01,SマイジャグラーVKD,0154,-2363,46,26,20,1/191.3,8799,
2026-08-02,SマイジャグラーVKD,0154,-1683,13,6,7,1/233.1,3030,
2026-08-03,SマイジャグラーVKD,0154,-1818,15,6,9,1/238.2,3573,
2026-08-04,SマイジャグラーVKD,0154,206,27,14,13,1/143.7,3878,
2026-08-05,SマイジャグラーVKD,0154,45,53,23,30,1/132.7,7031,
2026-08-06,SマイジャグラーVKD,0154,-1383,9,6,3,1/283,2547,
2026-08-07,SマイジャグラーVKD,0154,1187,46,26,20,1/135.7,6241,
2026-08-08,SマイジャグラーVKD,0154,479,58,26,32,1/126.6,7342,
2026-08-09,SマイジャグラーVKD,0154,1571,37,23,14,1/123.6,4571,
2026-08-10,SマイジャグラーVKD,0154,-839,22,13,9,1/178.5,3925,
2026-08-11,SマイジャグラーVKD,0154,236,12,9,3,1/160.1,1921,
2026-08-12,SマイジャグラーVKD,0154,-747,21,11,10,1/167.3,3513,
2026-08-13,SマイジャグラーVKD,0154,2700,67,37,30,1/119.8,8024,
2026-08-14,SマイジャグラーVKD,0154,-1818,44,27,17,1/184.8,8129,
2026-08-15,SマイジャグラーVKD,0154,1985,74,40,34,1/126,9324,
2026-08-16,SマイジャグラーVKD,0154,-371,43,19,24,1/139.6,6000,
2026-08-17,SマイジャグラーVKD,0154,-525,36,21,15,1/157,5649,
2026-08-18,SマイジャグラーVKD,0154,917,53,27,26,1/132.6,7025,
2026-08-19,SマイジャグラーVKD,0154,-977,8,2,6,1/228.2,1825,
2026-08-20,SマイジャグラーVKD,0154,449,7,7,0,1/138.3,968,
2026-08-21,SマイジャグラーVKD,0154,-7,21,9,12,1/139,2917,
2026-08-22,SマイジャグラーVKD,0154,283,56,25,31,1/126.3,7068,
2026-07-12,SマイジャグラーVKD,0155,-572,10,6,4,1/204,2040,
2026-07-13,SマイジャグラーVKD,0155,1296,51,29,22,1/135.7,6916,
2026-07-14,SマイジャグラーVKD,0155,88,7,6,1,1/169.9,1189,
2026-07-15,SマイジャグラーVKD,0155,-408,23,15,8,1/175.4,4032,
2026-07-16,SマイジャグラーVKD,0155,636,48,26,22,1/139.2,6680,
2026-07-17,SマイジャグラーVKD,0155,-383,13,5,8,1/153,1989,
2026-07-18,SマイジャグラーVKD,0155,211,14,10,4,1/163.2,2284,
2026-07-19,SマイジャグラーVKD,0155,-10,32,16,16,1/152.2,4869,
2026-07-20,SマイジャグラーVKD,0155,-750,20,13,7,1/189.1,3781,
2026-07-21,SマイジャグラーVKD,0155,-1450,13,5,8,1/240.5,3126,
2026-07-22,SマイジャグラーVKD,0155,1024,48,31,17,1/137.9,6619,
2026-07-23,SマイジャグラーVKD,0155,-406,29,13,16,1/142.1,4119,
2026-07-24,SマイジャグラーVKD,0155,859,20,11,9,1/109,2180,
2026-07-25,SマイジャグラーVKD,0155,-431,30,17,13,1/159.5,4785,
2026-07-26,SマイジャグラーVKD,0155,-405,42,21,21,1/151.9,6377,
2026-07-27,SマイジャグラーVKD,0155,197,10,7,3,1/155,1550,
2026-07-28,SマイジャグラーVKD,0155,-565,20,9,11,1/157.8,3156,
2026-07-29,SマイジャグラーVKD,0155,544,47,30,17,1/151.2,7102,
2026-07-30,SマイジャグラーVKD,0155,-394,7,3,4,1/192.6,1348,
2026-07-31,SマイジャグラーVKD,0155,893,26,16,10,1/131,3405,
2026-08-01,SマイジャグラーVKD,0155,-664,6,2,4,1/248,1488,
2026-08-02,SマイジャグラーVKD,0155,-1486,5,1,4,1/349,1745,
2026-08-03,SマイジャグラーVKD,0155,813,48,27,21,1/134.7,6461,
2026-08-04,SマイジャグラーVKD,0155,-174,42,17,25,1/130.7,5486,
2026-08-05,SマイジャグラーVKD,0155,406,34,19,15,1/139.4,4737,
2026-08-06,SマイジャグラーVKD,0155,862,20,13,7,1/132.4,2647,
2026-08-07,SマイジャグラーVKD,0155,-93,13,5,8,1/149.9,1948,
2026-08-08,SマイジャグラーVKD,0155,-577,19,11,8,1/177.6,3374,
2026-08-09,SマイジャグラーVKD,0155,113,31,20,11,1/156.6,4852,
2026-08-10,SマイジャグラーVKD,0155,-895,25,13,12,1/165.8,4144,
2026-08-11,SマイジャグラーVKD,0155,-699,34,16,18,1/166.5,5661,
2026-08-12,SマイジャグラーVKD,0155,-948,17,9,8,1/199.8,3395,
2026-08-13,SマイジャグラーVKD,0155,1574,50,30,20,1/132.6,6628,
2026-08-14,SマイジャグラーVKD,0155,-873,30,17,13,1/169.7,5091,
2026-08-15,SマイジャグラーVKD,0155,2895,58,34,24,1/113.6,6584,
2026-08-16,SマイジャグラーVKD,0155,1965,46,27,19,1/124.3,5716,
2026-08-17,SマイジャグラーVKD,0155,-389,2,1,1,1/297.5,595,
2026-08-18,SマイジャグラーVKD,0155,342,29,18,11,1/151,4378,
2026-08-19,SマイジャグラーVKD,0155,1864,53,31,22,1/124.9,6619,
2026-08-20,SマイジャグラーVKD,0155,1961,32,19,13,1/101.1,3235,
2026-08-21,SマイジャグラーVKD,0155,419,26,14,12,1/141.1,3668,
2026-08-22,SマイジャグラーVKD,0155,-488,37,19,18,1/163.1,6034,
2026-07-12,SマイジャグラーVKD,0156,97,14,8,6,1/138.5,1939,
2026-07-13,SマイジャグラーVKD,0156,-624,37,17,20,1/152.1,5627,
2026-07-14,SマイジャグラーVKD,0156,428,63,32,31,1/142.9,9001,
2026-07-15,SマイジャグラーVKD,0156,1560,47,27,20,1/120.7,5669,
2026-07-16,SマイジャグラーVKD,0156,-460,6,3,3,1/227.9,1367,
2026-07-17,SマイジャグラーVKD,0156,312,11,8,3,1/141.4,1555,
2026-07-18,SマイジャグラーVKD,0156,-640,22,10,12,1/158.9,3495,
2026-07-19,SマイジャグラーVKD,0156,-623,7,4,3,1/229.2,1604,
2026-07-20,SマイジャグラーVKD,0156,-803,7,4,3,1/261.3,1829,
2026-07-21,SマイジャグラーVKD,0156,546,34,18,16,1/139,4725,
2026-07-22,SマイジャグラーVKD,0156,-332,6,2,4,1/188.7,1132,
2026-07-23,SマイジャグラーVKD,0156,-247,7,1,6,1/235,1645,
2026-07-24,SマイジャグラーVKD,0156,2542,30,24,6,1/106.7,3200,
2026-07-25,SマイジャグラーVKD,0156,104,44,21,23,1/140,6157,
2026-07-26,SマイジャグラーVKD,0156,-785,24,12,12,1/171.2,4107,
2026-07-27,SマイジャグラーVKD,0156,3381,49,23,26,1/92.5,4529,
2026-07-28,SマイジャグラーVKD,0156,569,19,15,4,1/159.2,3024,
2026-07-29,SマイジャグラーVKD,0156,-1648,21,9,12,1/212.7,4465,
2026-07-30,SマイジャグラーVKD,0156,946,28,18,10,1/132.7,3713,
2026-07-31,SマイジャグラーVKD,0156,276,55,26,29,1/139.9,7692,
2026-08-01,SマイジャグラーVKD,0156,-1385,24,15,9,1/201.9,4845,
2026-08-02,SマイジャグラーVKD,0156,2109,51,32,19,1/119.9,6113,
2026-08-03,SマイジャグラーVKD,0156,199,51,23,28,1/136,6935,
2026-08-04,SマイジャグラーVKD,0156,-1096,15,6,9,1/190.8,2861,
2026-08-05,SマイジャグラーVKD,0156,-1036,2,1,1,1/574,1148,
2026-08-06,SマイジャグラーVKD,0156,362,20,13,7,1/143.7,2874,
2026-08-07,SマイジャグラーVKD,0156,290,26,14,12,1/148.9,3871,
2026-08-08,SマイジャグラーVKD,0156,-260,31,13,18,1/143.7,4452,
2026-08-09,SマイジャグラーVKD,0156,-596,48,24,24,1/153.6,7369,
2026-08-10,SマイジャグラーVKD,0156,1055,38,24,14,1/130.3,4948,
2026-08-11,SマイジャグラーVKD,0156,-351,5,4,1,1/255,1275,
2026-08-12,SマイジャグラーVKD,0156,373,34,19,15,1/139.9,4754,
2026-08-13,SマイジャグラーVKD,0156,-57,11,8,3,1/174.6,1920,
2026-08-14,SマイジャグラーVKD,0156,-513,25,13,12,1/169.7,4241,
2026-08-15,SマイジャグラーVKD,0156,-302,37,20,17,1/152.2,5628,
2026-08-16,SマイジャグラーVKD,0156,-997,9,4,5,1/214.9,1934,
2026-08-17,SマイジャグラーVKD,0156,47,18,11,7,1/165.4,2977,
2026-08-18,SマイジャグラーVKD,0156,-701,5,3,2,1/260.4,1302,
2026-08-19,SマイジャグラーVKD,0156,-360,20,11,9,1/159,3180,
2026-08-20,SマイジャグラーVKD,0156,239,6,5,1,1/158.2,949,
2026-08-21,SマイジャグラーVKD,0156,-321,4,3,1,1/247.5,990,
2026-08-22,SマイジャグラーVKD,0156,-991,18,6,12,1/168.4,3030,
2026-07-12,SマイジャグラーVKD,0157,-70,40,19,21,1/140,5598,
2026-07-13,SマイジャグラーVKD,0157,121,47,25,22,1/143.6,6745,
2026-07-14,SマイジャグラーVKD,0157,-14,25,14,11,1/148,3698,
2026-07-15,SマイジャグラーVKD,0157,4193,78,39,39,1/98.8,7700,
2026-07-16,SマイジャグラーVKD,0157,-55,7,3,4,1/127.8,894,
2026-07-17,SマイジャグラーVKD,0157,2009,52,27,25,1/119.5,6214,
2026-07-18,SマイジャグラーVKD,0157,5,20,12,8,1/159.4,3188,
2026-07-19,SマイジャグラーVKD,0157,-110,42,18,24,1/139.9,5872,
2026-07-20,SマイジャグラーVKD,0157,-983,11,6,5,1/226,2485,
2026-07-21,SマイジャグラーVKD,0157,215,15,10,5,1/149.8,2247,
2026-07-22,SマイジャグラーVKD,0157,-198,15,11,4,1/181.9,2728,
2026-07-23,SマイジャグラーVKD,0157,1193,34,19,15,1/123.1,4184,
2026-07-24,SマイジャグラーVKD,0157,-414,14,10,4,1/177,2478,
2026-07-25,SマイジャグラーVKD,0157,-290,9,6,3,1/192.4,1731,
2026-07-26,SマイジャグラーVKD,0157,-456,27,15,12,1/164.5,4440,
2026-07-27,SマイジャグラーVKD,0157,128,8,6,2,1/144.8,1158,
2026-07-28,SマイジャグラーVKD,0157,397,22,15,7,1/151.5,3332,
2026-07-29,SマイジャグラーVKD,0157,810,33,22,11,1/140,4617,
2026-07-30,SマイジャグラーVKD,0157,1089,44,24,20,1/131.8,5798,
2026-07-31,SマイジャグラーVKD,0157,1354,35,19,16,1/116,4058,
2026-08-01,SマイジャグラーVKD,0157,-499,23,10,13,1/158.5,3645,
2026-08-02,SマイジャグラーVKD,0157,-155,21,13,8,1/163,3422,
2026-08-03,SマイジャグラーVKD,0157,-1434,26,14,12,1/187.5,4873,
2026-08-04,SマイジャグラーVKD,0157,-690,8,4,4,1/222.2,1777,
2026-08-05,SマイジャグラーVKD,0157,-1101,18,10,8,1/202.7,3648,
2026-08-06,SマイジャグラーVKD,0157,30,44,17,27,1/132.9,5845,
2026-08-07,SマイジャグラーVKD,0157,1829,43,28,15,1/128.4,5518,
2026-08-08,SマイジャグラーVKD,0157,-2370,23,8,15,1/212.1,4878,
2026-08-09,SマイジャグラーVKD,0157,599,25,15,10,1/138.7,3466,
2026-08-10,SマイジャグラーVKD,0157,391,42,23,19,1/150.3,6312,
2026-08-11,SマイジャグラーVKD,0157,424,48,25,23,1/143.6,6890,
2026-08-12,SマイジャグラーVKD,0157,-475,33,14,19,1/154.3,5089,
2026-08-13,SマイジャグラーVKD,0157,34,48,23,25,1/142.8,6853,
2026-08-14,SマイジャグラーVKD,0157,-437,50,22,28,1/146.7,7333,
2026-08-15,SマイジャグラーVKD,0157,728,47,25,22,1/138.7,6517,
2026-08-16,SマイジャグラーVKD,0157,250,34,20,14,1/147.9,5027,
2026-08-17,SマイジャグラーVKD,0157,97,29,14,15,1/139.8,4053,
2026-08-18,SマイジャグラーVKD,0157,-357,28,17,11,1/176.3,4934,
2026-08-19,SマイジャグラーVKD,0157,113,17,12,5,1/152.9,2599,
2026-08-20,SマイジャグラーVKD,0157,550,25,15,10,1/139.6,3488,
2026-08-21,SマイジャグラーVKD,0157,952,48,28,20,1/140.4,6735,
2026-08-22,SマイジャグラーVKD,0157,-676,23,11,12,1/163.4,3758,
2026-07-12,SマイジャグラーVKD,0158,184,6,4,2,1/150.9,905,
2026-07-13,SマイジャグラーVKD,0158,58,7,6,1,1/174.9,1224,
2026-07-14,SマイジャグラーVKD,0158,-366,5,4,1,1/221.6,1108,
2026-07-15,SマイジャグラーVKD,0158,-1413,8,5,3,1/280.4,2243,
2026-07-16,SマイジャグラーVKD,0158,-1026,12,5,7,1/200,2400,
2026-07-17,SマイジャグラーVKD,0158,-570,2,0,2,1/305.5,611,
2026-07-18,SマイジャグラーVKD,0158,1734,40,24,16,1/129.2,5167,
2026-07-19,SマイジャグラーVKD,0158,806,25,16,9,1/129.7,3242,
2026-07-20,SマイジャグラーVKD,0158,-371,23,11,12,1/160.7,3695,
2026-07-21,SマイジャグラーVKD,0158,-535,1,1,0,1/649,649,
2026-07-24,SマイジャグラーVKD,0158,-896,7,3,4,1/231.3,1619,
2026-07-25,SマイジャグラーVKD,0158,570,35,19,16,1/136.4,4774,
2026-07-26,SマイジャグラーVKD,0158,209,24,14,10,1/143.7,3448,
2026-07-27,SマイジャグラーVKD,0158,472,27,16,11,1/132.5,3577,
2026-07-28,SマイジャグラーVKD,0158,1241,27,17,10,1/123.2,3326,
2026-07-29,SマイジャグラーVKD,0158,3288,55,27,28,1/93.4,5135,
2026-07-30,SマイジャグラーVKD,0158,460,16,8,8,1/109,1743,
2026-07-31,SマイジャグラーVKD,0158,-435,26,15,11,1/167.1,4343,
2026-08-01,SマイジャグラーVKD,0158,1195,40,26,14,1/133.2,5326,
2026-08-02,SマイジャグラーVKD,0158,1163,48,26,22,1/128,6144,
2026-08-03,SマイジャグラーVKD,0158,3965,65,35,30,1/103.4,6721,
2026-08-04,SマイジャグラーVKD,0158,141,26,15,11,1/147.8,3841,
2026-08-05,SマイジャグラーVKD,0158,-815,13,6,7,1/171,2223,
2026-08-06,SマイジャグラーVKD,0158,1636,39,28,11,1/139.3,5432,
2026-08-07,SマイジャグラーVKD,0158,-207,40,15,25,1/131.9,5273,
2026-08-08,SマイジャグラーVKD,0158,2755,64,35,29,1/115.1,7362,
2026-08-09,SマイジャグラーVKD,0158,1076,57,34,23,1/139.8,7968,
2026-08-10,SマイジャグラーVKD,0158,-492,40,20,20,1/152.5,6099,
2026-08-11,SマイジャグラーVKD,0158,-675,13,6,7,1/178.7,2322,
2026-08-12,SマイジャグラーVKD,0158,3439,60,35,25,1/106,6360,
2026-08-13,SマイジャグラーVKD,0158,-812,20,10,10,1/167.7,3354,
2026-08-14,SマイジャグラーVKD,0158,38,33,19,14,1/153.7,5072,
2026-08-15,SマイジャグラーVKD,0158,-861,27,13,14,1/167.5,4521,
2026-08-16,SマイジャグラーVKD,0158,-1471,20,11,9,1/209.9,4197,
2026-08-17,SマイジャグラーVKD,0158,103,15,8,7,1/137.6,2063,
2026-08-18,SマイジャグラーVKD,0158,353,19,13,6,1/136.4,2590,
2026-08-19,SマイジャグラーVKD,0158,614,40,24,16,1/141.2,5645,
2026-08-20,SマイジャグラーVKD,0158,-609,1,1,0,1/632,632,
2026-08-21,SマイジャグラーVKD,0158,-290,9,6,3,1/190.6,1715,
2026-08-22,SマイジャグラーVKD,0158,41,24,13,11,1/135.9,3261,
2026-07-12,SマイジャグラーVKD,0159,1098,31,22,9,1/127,3937,
2026-07-13,SマイジャグラーVKD,0159,990,22,16,6,1/127.9,2812,
2026-07-14,SマイジャグラーVKD,0159,-118,4,3,1,1/214.5,858,
2026-07-15,SマイジャグラーVKD,0159,834,54,28,26,1/127.9,6902,
2026-07-16,SマイジャグラーVKD,0159,351,14,11,3,1/150.1,2101,
2026-07-17,SマイジャグラーVKD,0159,1279,30,16,14,1/105.6,3168,
2026-07-18,SマイジャグラーVKD,0159,-334,11,6,5,1/165.4,1819,
2026-07-19,SマイジャグラーVKD,0159,-508,35,21,14,1/164,5737,
2026-07-20,SマイジャグラーVKD,0159,-94,28,13,15,1/132.7,3715,
2026-07-21,SマイジャグラーVKD,0159,-145,25,14,11,1/150.7,3767,
2026-07-24,SマイジャグラーVKD,0159,-742,13,6,7,1/187,2430,
2026-07-25,SマイジャグラーVKD,0159,-640,6,3,3,1/229,1374,
2026-07-26,SマイジャグラーVKD,0159,4275,67,36,31,1/90.9,6087,
2026-07-27,SマイジャグラーVKD,0159,324,28,13,15,1/141.7,3965,
2026-07-28,SマイジャグラーVKD,0159,644,34,22,12,1/145,4929,
2026-07-29,SマイジャグラーVKD,0159,-128,32,20,12,1/160.1,5121,
2026-07-30,SマイジャグラーVKD,0159,-363,2,2,0,1/341,682,
2026-07-31,SマイジャグラーVKD,0159,-817,9,5,4,1/212.8,1915,
2026-08-01,SマイジャグラーVKD,0159,2753,63,37,26,1/116.8,7356,
2026-08-02,SマイジャグラーVKD,0159,471,23,16,7,1/146.1,3360,
2026-08-03,SマイジャグラーVKD,0159,443,46,29,17,1/158.3,7278,
2026-08-04,SマイジャグラーVKD,0159,-548,11,7,4,1/204.4,2248,
2026-08-05,SマイジャグラーVKD,0159,-317,34,17,17,1/154.6,5256,
2026-08-06,SマイジャグラーVKD,0159,411,37,20,17,1/133.9,4954,
2026-08-07,SマイジャグラーVKD,0159,-536,7,2,5,1/175.9,1231,
2026-08-08,SマイジャグラーVKD,0159,1069,50,28,22,1/131.7,6583,
2026-08-09,SマイジャグラーVKD,0159,-412,24,16,8,1/175.7,4215,
2026-08-10,SマイジャグラーVKD,0159,-841,17,9,8,1/182.5,3101,
2026-08-11,SマイジャグラーVKD,0159,396,28,16,12,1/147.6,4131,
2026-08-12,SマイジャグラーVKD,0159,1730,64,32,32,1/116.4,7445,
2026-08-13,SマイジャグラーVKD,0159,1328,55,29,26,1/125.3,6891,
2026-08-14,SマイジャグラーVKD,0159,-395,13,9,4,1/186.8,2428,
2026-08-15,SマイジャグラーVKD,0159,-1553,32,17,15,1/193.4,6188,
2026-08-16,SマイジャグラーVKD,0159,-1286,29,16,13,1/187.2,5426,
2026-08-17,SマイジャグラーVKD,0159,1726,49,29,20,1/123.7,6059,
2026-08-18,SマイジャグラーVKD,0159,1970,49,30,19,1/122.1,5979,
2026-08-19,SマイジャグラーVKD,0159,-1107,15,10,5,1/224.5,3367,
2026-08-20,SマイジャグラーVKD,0159,792,18,13,5,1/127,2285,
2026-08-21,SマイジャグラーVKD,0159,-117,28,17,11,1/166.6,4663,
2026-08-22,SマイジャグラーVKD,0159,-211,39,18,21,1/144.2,5623,
2026-07-12,SマイジャグラーVKD,0160,1351,45,22,23,1/117.6,5290,
2026-07-13,SマイジャグラーVKD,0160,-70,18,9,9,1/161.4,2905,
2026-07-14,SマイジャグラーVKD,0160,-1036,25,10,15,1/167.6,4188,
2026-07-15,SマイジャグラーVKD,0160,-669,26,15,11,1/165.7,4308,
2026-07-16,SマイジャグラーVKD,0160,-622,16,7,9,1/152.4,2438,
2026-07-17,SマイジャグラーVKD,0160,-229,1,1,0,1/385,385,
2026-07-18,SマイジャグラーVKD,0160,378,46,26,20,1/145.5,6693,
2026-07-19,SマイジャグラーVKD,0160,160,33,21,12,1/152.8,5040,
2026-07-20,SマイジャグラーVKD,0160,-1294,50,27,23,1/165.6,8276,
2026-07-21,SマイジャグラーVKD,0160,63,15,7,8,1/131.4,1971,
2026-07-24,SマイジャグラーVKD,0160,-140,26,14,12,1/153,3977,
2026-07-25,SマイジャグラーVKD,0160,143,56,31,25,1/148.9,8338,
2026-07-26,SマイジャグラーVKD,0160,-157,30,21,9,1/175.8,5273,
2026-07-27,SマイジャグラーVKD,0160,-780,16,8,8,1/176.5,2824,
2026-07-28,SマイジャグラーVKD,0160,-702,37,19,18,1/152.4,5638,
2026-07-29,SマイジャグラーVKD,0160,1776,37,22,15,1/119.3,4414,
2026-07-30,SマイジャグラーVKD,0160,761,40,22,18,1/144.6,5784,
2026-07-31,SマイジャグラーVKD,0160,474,40,25,15,1/148,5917,
2026-08-01,SマイジャグラーVKD,0160,643,40,26,14,1/143.7,5746,
2026-08-02,SマイジャグラーVKD,0160,-119,20,15,5,1/172,3439,
2026-08-03,SマイジャグラーVKD,0160,-770,13,4,9,1/183.4,2384,
2026-08-04,SマイジャグラーVKD,0160,621,23,17,6,1/147.9,3401,
2026-08-05,SマイジャグラーVKD,0160,513,11,9,2,1/143,1572,
2026-08-06,SマイジャグラーVKD,0160,-1334,20,8,12,1/173.4,3468,
2026-08-07,SマイジャグラーVKD,0160,965,39,30,9,1/158,6159,
2026-08-08,SマイジャグラーVKD,0160,-819,11,7,4,1/218.5,2403,
2026-08-09,SマイジャグラーVKD,0160,275,38,22,16,1/152.2,5780,
2026-08-10,SマイジャグラーVKD,0160,81,26,17,9,1/166.4,4325,
2026-08-11,SマイジャグラーVKD,0160,140,42,21,21,1/141,5920,
2026-08-12,SマイジャグラーVKD,0160,231,43,21,22,1/134.9,5800,
2026-08-13,SマイジャグラーVKD,0160,-1109,31,15,16,1/178.9,5544,
2026-08-14,SマイジャグラーVKD,0160,1088,57,28,29,1/128.3,7309,
2026-08-15,SマイジャグラーVKD,0160,1173,36,26,10,1/140.9,5069,
2026-08-16,SマイジャグラーVKD,0160,-627,17,13,4,1/198.8,3379,
2026-08-17,SマイジャグラーVKD,0160,-1049,7,3,4,1/268.5,1879,
2026-08-18,SマイジャグラーVKD,0160,-797,29,12,17,1/153.6,4454,
2026-08-19,SマイジャグラーVKD,0160,29,45,23,22,1/141.1,6348,
2026-08-20,SマイジャグラーVKD,0160,-666,8,4,4,1/205,1640,
2026-08-21,SマイジャグラーVKD,0160,-314,29,15,14,1/152.7,4428,
2026-08-22,SマイジャグラーVKD,0160,1722,66,32,34,1/122.7,8094,
